Category: 央视频道, Name: CCTV-1, Total: 129, Valid: 20, Valid Percent: 15.50%, Whitelist: 30, IPv4: 20, IPv6: 79, Min Delay: 37 ms, Max Speed: 27.15 M/s, Avg Speed: 24.98 M/s, Max Resolution: None
Category: 央视频道, Name: CCTV-2, Total: 135, Valid: 19, Valid Percent: 14.07%, Whitelist: 24, IPv4: 19, IPv6: 92, Min Delay: 37 ms, Max Speed: 27.15 M/s, Avg Speed: 19.76 M/s, Max Resolution: None
Category: 央视频道, Name: CCTV-3, Total: 122, Valid: 18, Valid Percent: 14.75%, Whitelist: 16, IPv4: 18, IPv6: 88, Min Delay: 33 ms, Max Speed: 27.15 M/s, Avg Speed: 16.06 M/s, Max Resolution: None
Category: 央视频道, Name: CCTV-4, Total: 269, Valid: 33, Valid Percent: 12.27%, Whitelist: 31, IPv4: 33, IPv6: 205, Min Delay: 18 ms, Max Speed: 27.15 M/s, Avg Speed: 19.10 M/s, Max Resolution: None
Category: 央视频道, Name: CCTV-5, Total: 213, Valid: 32, Valid Percent: 15.02%, Whitelist: 17, IPv4: 32, IPv6: 164, Min Delay: 37 ms, Max Speed: 27.15 M/s, Avg Speed: 22.97 M/s, Max Resolution: None
Category: 央视频道, Name: CCTV-5+, Total: 41, Valid: 7, Valid Percent: 17.07%, Whitelist: 15, IPv4: 7, IPv6: 19, Min Delay: 37 ms, Max Speed: 27.15 M/s, Avg Speed: 20.42 M/s, Max Resolution: None
Category: 央视频道, Name: CCTV-6, Total: 118, Valid: 18, Valid Percent: 15.25%, Whitelist: 18, IPv4: 18, IPv6: 82, Min Delay: 37 ms, Max Speed: 27.15 M/s, Avg Speed: 22.93 M/s, Max Resolution: None
Category: 央视频道, Name: CCTV-7, Total: 117, Valid: 20, Valid Percent: 17.09%, Whitelist: 22, IPv4: 20, IPv6: 75, Min Delay: 37 ms, Max Speed: 27.15 M/s, Avg Speed: 22.01 M/s, Max Resolution: None
Category: 央视频道, Name: CCTV-8, Total: 119, Valid: 22, Valid Percent: 18.49%, Whitelist: 16, IPv4: 22, IPv6: 81, Min Delay: 33 ms, Max Speed: 27.15 M/s, Avg Speed: 21.37 M/s, Max Resolution: None
Category: 央视频道, Name: CCTV-9, Total: 125, Valid: 27, Valid Percent: 21.60%, Whitelist: 21, IPv4: 27, IPv6: 77, Min Delay: 18 ms, Max Speed: 27.15 M/s, Avg Speed: 11.40 M/s, Max Resolution: None
Category: 央视频道, Name: CCTV-10, Total: 131, Valid: 18, Valid Percent: 13.74%, Whitelist: 24, IPv4: 18, IPv6: 89, Min Delay: 18 ms, Max Speed: 27.15 M/s, Avg Speed: 20.20 M/s, Max Resolution: None
Category: 央视频道, Name: CCTV-11, Total: 134, Valid: 17, Valid Percent: 12.69%, Whitelist: 17, IPv4: 17, IPv6: 100, Min Delay: 18 ms, Max Speed: 27.15 M/s, Avg Speed: 15.89 M/s, Max Resolution: None
Category: 央视频道, Name: CCTV-12, Total: 134, Valid: 17, Valid Percent: 12.69%, Whitelist: 20, IPv4: 17, IPv6: 97, Min Delay: 18 ms, Max Speed: 27.15 M/s, Avg Speed: 17.12 M/s, Max Resolution: None
Category: 央视频道, Name: CCTV-13, Total: 166, Valid: 24, Valid Percent: 14.46%, Whitelist: 29, IPv4: 24, IPv6: 113, Min Delay: 37 ms, Max Speed: 27.15 M/s, Avg Speed: 19.58 M/s, Max Resolution: None
Category: 央视频道, Name: CCTV-14, Total: 120, Valid: 14, Valid Percent: 11.67%, Whitelist: 16, IPv4: 14, IPv6: 90, Min Delay: 37 ms, Max Speed: 27.15 M/s, Avg Speed: 17.26 M/s, Max Resolution: None
Category: 央视频道, Name: CCTV-15, Total: 122, Valid: 16, Valid Percent: 13.11%, Whitelist: 16, IPv4: 16, IPv6: 90, Min Delay: 37 ms, Max Speed: 27.15 M/s, Avg Speed: 17.60 M/s, Max Resolution: None
Category: 央视频道, Name: CCTV-16, Total: 44, Valid: 11, Valid Percent: 25.00%, Whitelist: 12, IPv4: 11, IPv6: 21, Min Delay: 37 ms, Max Speed: 27.15 M/s, Avg Speed: 15.06 M/s, Max Resolution: None
Category: 央视频道, Name: CCTV-17, Total: 124, Valid: 16, Valid Percent: 12.90%, Whitelist: 18, IPv4: 16, IPv6: 90, Min Delay: 18 ms, Max Speed: 27.15 M/s, Avg Speed: 17.64 M/s, Max Resolution: None
Category: 央视频道, Name: CETV-1, Total: 99, Valid: 5, Valid Percent: 5.05%, Whitelist: 9, IPv4: 5, IPv6: 85, Min Delay: 18 ms, Max Speed: 27.15 M/s, Avg Speed: 11.96 M/s, Max Resolution: None
Category: 央视频道, Name: CETV-2, Total: 87, Valid: 3, Valid Percent: 3.45%, Whitelist: 5, IPv4: 3, IPv6: 79, Min Delay: 18 ms, Max Speed: 27.15 M/s, Avg Speed: 19.79 M/s, Max Resolution: None
Category: 央视频道, Name: CETV-3, Total: 9, Valid: 0, Valid Percent: 0.00%, Whitelist: 3, IPv4: 0, IPv6: 6, Min Delay: -1 ms, Max Speed: 0.00 M/s, Avg Speed: 0.00 M/s, Max Resolution: None
Category: 央视频道, Name: CETV-4, Total: 91, Valid: 6, Valid Percent: 6.59%, Whitelist: 6, IPv4: 6, IPv6: 79, Min Delay: 18 ms, Max Speed: 27.15 M/s, Avg Speed: 10.23 M/s, Max Resolution: None
Category: 央视频道, Name: 文化精品, Total: 6, Valid: 1, Valid Percent: 16.67%, Whitelist: 2, IPv4: 1, IPv6: 3, Min Delay: 156 ms, Max Speed: 12.69 M/s, Avg Speed: 12.69 M/s, Max Resolution: None
Category: 央视频道, Name: 央视台球, Total: 8, Valid: 2, Valid Percent: 25.00%, Whitelist: 2, IPv4: 2, IPv6: 4, Min Delay: 156 ms, Max Speed: 12.69 M/s, Avg Speed: 6.80 M/s, Max Resolution: None
Category: 央视频道, Name: 风云音乐, Total: 7, Valid: 2, Valid Percent: 28.57%, Whitelist: 2, IPv4: 2, IPv6: 3, Min Delay: 156 ms, Max Speed: 12.69 M/s, Avg Speed: 6.46 M/s, Max Resolution: None
Category: 央视频道, Name: 第一剧场, Total: 14, Valid: 4, Valid Percent: 28.57%, Whitelist: 3, IPv4: 4, IPv6: 7, Min Delay: 156 ms, Max Speed: 12.69 M/s, Avg Speed: 3.68 M/s, Max Resolution: None
Category: 央视频道, Name: 风云剧场, Total: 6, Valid: 1, Valid Percent: 16.67%, Whitelist: 2, IPv4: 1, IPv6: 3, Min Delay: 156 ms, Max Speed: 12.69 M/s, Avg Speed: 12.69 M/s, Max Resolution: None
Category: 央视频道, Name: 怀旧剧场, Total: 8, Valid: 2, Valid Percent: 25.00%, Whitelist: 3, IPv4: 2, IPv6: 3, Min Delay: 156 ms, Max Speed: 12.69 M/s, Avg Speed: 6.46 M/s, Max Resolution: None
Category: 央视频道, Name: 女性时尚, Total: 5, Valid: 1, Valid Percent: 20.00%, Whitelist: 2, IPv4: 1, IPv6: 2, Min Delay: 156 ms, Max Speed: 12.69 M/s, Avg Speed: 12.69 M/s, Max Resolution: None
Category: 央视频道, Name: 高尔夫网球, Total: 7, Valid: 2, Valid Percent: 28.57%, Whitelist: 2, IPv4: 2, IPv6: 3, Min Delay: 156 ms, Max Speed: 12.69 M/s, Avg Speed: 6.80 M/s, Max Resolution: None
Category: 央视频道, Name: 风云足球, Total: 10, Valid: 2, Valid Percent: 20.00%, Whitelist: 3, IPv4: 2, IPv6: 5, Min Delay: 156 ms, Max Speed: 12.69 M/s, Avg Speed: 6.80 M/s, Max Resolution: None
Category: 央视频道, Name: 电视指南, Total: 3, Valid: 2, Valid Percent: 66.67%, Whitelist: 0, IPv4: 2, IPv6: 1, Min Delay: 156 ms, Max Speed: 12.69 M/s, Avg Speed: 6.46 M/s, Max Resolution: None
Category: 央视频道, Name: 世界地理, Total: 4, Valid: 1, Valid Percent: 25.00%, Whitelist: 2, IPv4: 1, IPv6: 1, Min Delay: 156 ms, Max Speed: 12.69 M/s, Avg Speed: 12.69 M/s, Max Resolution: None
Category: 央视频道, Name: 兵器科技, Total: 7, Valid: 3, Valid Percent: 42.86%, Whitelist: 2, IPv4: 3, IPv6: 2, Min Delay: 156 ms, Max Speed: 12.69 M/s, Avg Speed: 8.54 M/s, Max Resolution: None
Category: 卫视频道, Name: 湖北卫视, Total: 109, Valid: 9, Valid Percent: 8.26%, Whitelist: 13, IPv4: 9, IPv6: 87, Min Delay: 11 ms, Max Speed: 27.15 M/s, Avg Speed: 16.88 M/s, Max Resolution: None
Category: 卫视频道, Name: 广东卫视, Total: 123, Valid: 8, Valid Percent: 6.50%, Whitelist: 21, IPv4: 8, IPv6: 94, Min Delay: 11 ms, Max Speed: 27.15 M/s, Avg Speed: 19.76 M/s, Max Resolution: None
Category: 卫视频道, Name: 香港卫视, Total: 13, Valid: 1, Valid Percent: 7.69%, Whitelist: 0, IPv4: 1, IPv6: 12, Min Delay: 18 ms, Max Speed: 5.08 M/s, Avg Speed: 5.08 M/s, Max Resolution: None
Category: 卫视频道, Name: 浙江卫视, Total: 191, Valid: 31, Valid Percent: 16.23%, Whitelist: 20, IPv4: 31, IPv6: 140, Min Delay: 18 ms, Max Speed: 27.15 M/s, Avg Speed: 13.97 M/s, Max Resolution: None
Category: 卫视频道, Name: 湖南卫视, Total: 136, Valid: 15, Valid Percent: 11.03%, Whitelist: 16, IPv4: 15, IPv6: 105, Min Delay: 11 ms, Max Speed: 27.15 M/s, Avg Speed: 13.71 M/s, Max Resolution: None
Category: 卫视频道, Name: 北京卫视, Total: 125, Valid: 13, Valid Percent: 10.40%, Whitelist: 11, IPv4: 13, IPv6: 101, Min Delay: 11 ms, Max Speed: 27.15 M/s, Avg Speed: 18.42 M/s, Max Resolution: None
Category: 卫视频道, Name: 黑龙江卫视, Total: 39, Valid: 10, Valid Percent: 25.64%, Whitelist: 7, IPv4: 10, IPv6: 22, Min Delay: 11 ms, Max Speed: 27.15 M/s, Avg Speed: 15.94 M/s, Max Resolution: None
Category: 卫视频道, Name: 安徽卫视, Total: 44, Valid: 7, Valid Percent: 15.91%, Whitelist: 16, IPv4: 7, IPv6: 21, Min Delay: 11 ms, Max Speed: 27.15 M/s, Avg Speed: 18.74 M/s, Max Resolution: None
Category: 卫视频道, Name: 重庆卫视, Total: 42, Valid: 8, Valid Percent: 19.05%, Whitelist: 7, IPv4: 8, IPv6: 27, Min Delay: 11 ms, Max Speed: 27.15 M/s, Avg Speed: 15.23 M/s, Max Resolution: None
Category: 卫视频道, Name: 东方卫视, Total: 135, Valid: 15, Valid Percent: 11.11%, Whitelist: 22, IPv4: 15, IPv6: 98, Min Delay: 37 ms, Max Speed: 27.15 M/s, Avg Speed: 14.76 M/s, Max Resolution: None
Category: 卫视频道, Name: 东南卫视, Total: 45, Valid: 10, Valid Percent: 22.22%, Whitelist: 9, IPv4: 10, IPv6: 26, Min Delay: 11 ms, Max Speed: 27.15 M/s, Avg Speed: 17.61 M/s, Max Resolution: None
Category: 卫视频道, Name: 甘肃卫视, Total: 37, Valid: 5, Valid Percent: 13.51%, Whitelist: 9, IPv4: 5, IPv6: 23, Min Delay: 11 ms, Max Speed: 27.15 M/s, Avg Speed: 20.49 M/s, Max Resolution: None
Category: 卫视频道, Name: 广西卫视, Total: 41, Valid: 5, Valid Percent: 12.20%, Whitelist: 11, IPv4: 5, IPv6: 25, Min Delay: 37 ms, Max Speed: 27.15 M/s, Avg Speed: 16.26 M/s, Max Resolution: None
Category: 卫视频道, Name: 贵州卫视, Total: 39, Valid: 9, Valid Percent: 23.08%, Whitelist: 8, IPv4: 9, IPv6: 22, Min Delay: 11 ms, Max Speed: 27.15 M/s, Avg Speed: 20.61 M/s, Max Resolution: None
Category: 卫视频道, Name: 海南卫视, Total: 170, Valid: 13, Valid Percent: 7.65%, Whitelist: 8, IPv4: 13, IPv6: 149, Min Delay: 11 ms, Max Speed: 27.15 M/s, Avg Speed: 11.75 M/s, Max Resolution: None
Category: 卫视频道, Name: 河北卫视, Total: 53, Valid: 13, Valid Percent: 24.53%, Whitelist: 9, IPv4: 13, IPv6: 31, Min Delay: 11 ms, Max Speed: 27.15 M/s, Avg Speed: 14.75 M/s, Max Resolution: None
Category: 卫视频道, Name: 河南卫视, Total: 114, Valid: 14, Valid Percent: 12.28%, Whitelist: 10, IPv4: 14, IPv6: 90, Min Delay: 11 ms, Max Speed: 31.37 M/s, Avg Speed: 19.84 M/s, Max Resolution: None
Category: 卫视频道, Name: 吉林卫视, Total: 109, Valid: 14, Valid Percent: 12.84%, Whitelist: 11, IPv4: 14, IPv6: 84, Min Delay: 11 ms, Max Speed: 27.15 M/s, Avg Speed: 19.52 M/s, Max Resolution: None
Category: 卫视频道, Name: 江苏卫视, Total: 135, Valid: 19, Valid Percent: 14.07%, Whitelist: 26, IPv4: 19, IPv6: 90, Min Delay: 37 ms, Max Speed: 27.15 M/s, Avg Speed: 18.20 M/s, Max Resolution: None
Category: 卫视频道, Name: 江西卫视, Total: 114, Valid: 16, Valid Percent: 14.04%, Whitelist: 11, IPv4: 16, IPv6: 87, Min Delay: 11 ms, Max Speed: 27.15 M/s, Avg Speed: 12.06 M/s, Max Resolution: None
Category: 卫视频道, Name: 辽宁卫视, Total: 112, Valid: 12, Valid Percent: 10.71%, Whitelist: 13, IPv4: 12, IPv6: 87, Min Delay: 37 ms, Max Speed: 27.15 M/s, Avg Speed: 11.88 M/s, Max Resolution: None
Category: 卫视频道, Name: 内蒙古卫视, Total: 96, Valid: 10, Valid Percent: 10.42%, Whitelist: 8, IPv4: 10, IPv6: 78, Min Delay: 11 ms, Max Speed: 27.15 M/s, Avg Speed: 13.36 M/s, Max Resolution: None
Category: 卫视频道, Name: 宁夏卫视, Total: 80, Valid: 13, Valid Percent: 16.25%, Whitelist: 9, IPv4: 13, IPv6: 58, Min Delay: 11 ms, Max Speed: 27.15 M/s, Avg Speed: 12.41 M/s, Max Resolution: None
Category: 卫视频道, Name: 青海卫视, Total: 105, Valid: 11, Valid Percent: 10.48%, Whitelist: 7, IPv4: 11, IPv6: 87, Min Delay: 11 ms, Max Speed: 27.15 M/s, Avg Speed: 14.60 M/s, Max Resolution: None
Category: 卫视频道, Name: 山东卫视, Total: 58, Valid: 19, Valid Percent: 32.76%, Whitelist: 16, IPv4: 19, IPv6: 23, Min Delay: 11 ms, Max Speed: 27.15 M/s, Avg Speed: 9.33 M/s, Max Resolution: None
Category: 卫视频道, Name: 山西卫视, Total: 37, Valid: 10, Valid Percent: 27.03%, Whitelist: 9, IPv4: 10, IPv6: 18, Min Delay: 11 ms, Max Speed: 27.15 M/s, Avg Speed: 13.26 M/s, Max Resolution: None
Category: 卫视频道, Name: 陕西卫视, Total: 106, Valid: 9, Valid Percent: 8.49%, Whitelist: 10, IPv4: 9, IPv6: 87, Min Delay: 11 ms, Max Speed: 27.15 M/s, Avg Speed: 12.88 M/s, Max Resolution: None
Category: 卫视频道, Name: 四川卫视, Total: 51, Valid: 18, Valid Percent: 35.29%, Whitelist: 8, IPv4: 18, IPv6: 25, Min Delay: 11 ms, Max Speed: 27.15 M/s, Avg Speed: 9.16 M/s, Max Resolution: None
Category: 卫视频道, Name: 深圳卫视, Total: 57, Valid: 15, Valid Percent: 26.32%, Whitelist: 16, IPv4: 15, IPv6: 26, Min Delay: 11 ms, Max Speed: 27.15 M/s, Avg Speed: 9.28 M/s, Max Resolution: None
Category: 卫视频道, Name: 三沙卫视, Total: 90, Valid: 8, Valid Percent: 8.89%, Whitelist: 6, IPv4: 8, IPv6: 76, Min Delay: 37 ms, Max Speed: 27.15 M/s, Avg Speed: 12.08 M/s, Max Resolution: None
Category: 卫视频道, Name: 天津卫视, Total: 41, Valid: 9, Valid Percent: 21.95%, Whitelist: 6, IPv4: 9, IPv6: 26, Min Delay: 37 ms, Max Speed: 27.15 M/s, Avg Speed: 15.07 M/s, Max Resolution: None
Category: 卫视频道, Name: 西藏卫视, Total: 23, Valid: 6, Valid Percent: 26.09%, Whitelist: 7, IPv4: 6, IPv6: 10, Min Delay: 11 ms, Max Speed: 27.15 M/s, Avg Speed: 19.79 M/s, Max Resolution: None
Category: 卫视频道, Name: 新疆卫视, Total: 41, Valid: 12, Valid Percent: 29.27%, Whitelist: 8, IPv4: 12, IPv6: 21, Min Delay: 11 ms, Max Speed: 27.15 M/s, Avg Speed: 8.88 M/s, Max Resolution: None
Category: 卫视频道, Name: 云南卫视, Total: 44, Valid: 12, Valid Percent: 27.27%, Whitelist: 10, IPv4: 12, IPv6: 22, Min Delay: 11 ms, Max Speed: 27.15 M/s, Avg Speed: 9.12 M/s, Max Resolution: None
Category: 湖北频道, Name: 湖北综合, Total: 8, Valid: 0, Valid Percent: 0.00%, Whitelist: 5, IPv4: 0, IPv6: 3, Min Delay: -1 ms, Max Speed: 0.00 M/s, Avg Speed: 0.00 M/s, Max Resolution: None
Category: 湖北频道, Name: 湖北经视, Total: 9, Valid: 0, Valid Percent: 0.00%, Whitelist: 5, IPv4: 0, IPv6: 4, Min Delay: -1 ms, Max Speed: 0.00 M/s, Avg Speed: 0.00 M/s, Max Resolution: None
Category: 湖北频道, Name: 湖北生活, Total: 10, Valid: 0, Valid Percent: 0.00%, Whitelist: 5, IPv4: 0, IPv6: 5, Min Delay: -1 ms, Max Speed: 0.00 M/s, Avg Speed: 0.00 M/s, Max Resolution: None
Category: 湖北频道, Name: 湖北教育, Total: 9, Valid: 0, Valid Percent: 0.00%, Whitelist: 5, IPv4: 0, IPv6: 4, Min Delay: -1 ms, Max Speed: 0.00 M/s, Avg Speed: 0.00 M/s, Max Resolution: None
Category: 湖北频道, Name: 湖北影视, Total: 8, Valid: 0, Valid Percent: 0.00%, Whitelist: 5, IPv4: 0, IPv6: 3, Min Delay: -1 ms, Max Speed: 0.00 M/s, Avg Speed: 0.00 M/s, Max Resolution: None
Category: 湖北频道, Name: 湖北公共新闻, Total: 2, Valid: 0, Valid Percent: 0.00%, Whitelist: 2, IPv4: 0, IPv6: 0, Min Delay: -1 ms, Max Speed: 0.00 M/s, Avg Speed: 0.00 M/s, Max Resolution: None
Category: 湖北频道, Name: 湖北公共, Total: 1, Valid: 0, Valid Percent: 0.00%, Whitelist: 0, IPv4: 0, IPv6: 1, Min Delay: -1 ms, Max Speed: 0.00 M/s, Avg Speed: 0.00 M/s, Max Resolution: None
Category: 湖北频道, Name: 湖北垄上, Total: 8, Valid: 0, Valid Percent: 0.00%, Whitelist: 5, IPv4: 0, IPv6: 3, Min Delay: -1 ms, Max Speed: 0.00 M/s, Avg Speed: 0.00 M/s, Max Resolution: None
Category: 湖北频道, Name: 武汉一台新闻综合, Total: 3, Valid: 0, Valid Percent: 0.00%, Whitelist: 0, IPv4: 0, IPv6: 3, Min Delay: -1 ms, Max Speed: 0.00 M/s, Avg Speed: 0.00 M/s, Max Resolution: None
Category: 湖北频道, Name: 武汉二台电视剧, Total: 1, Valid: 0, Valid Percent: 0.00%, Whitelist: 0, IPv4: 0, IPv6: 1, Min Delay: -1 ms, Max Speed: 0.00 M/s, Avg Speed: 0.00 M/s, Max Resolution: None
Category: 湖北频道, Name: 武汉四台经济, Total: 1, Valid: 0, Valid Percent: 0.00%, Whitelist: 0, IPv4: 0, IPv6: 1, Min Delay: -1 ms, Max Speed: 0.00 M/s, Avg Speed: 0.00 M/s, Max Resolution: None
Category: 湖北频道, Name: 武汉教育, Total: 7, Valid: 0, Valid Percent: 0.00%, Whitelist: 0, IPv4: 0, IPv6: 7, Min Delay: -1 ms, Max Speed: 0.00 M/s, Avg Speed: 0.00 M/s, Max Resolution: None
Category: 湖北频道, Name: 武汉新闻综合, Total: 3, Valid: 0, Valid Percent: 0.00%, Whitelist: 3, IPv4: 0, IPv6: 0, Min Delay: -1 ms, Max Speed: 0.00 M/s, Avg Speed: 0.00 M/s, Max Resolution: None
Category: 湖北频道, Name: 武汉文体, Total: 3, Valid: 3, Valid Percent: 100.00%, Whitelist: 0, IPv4: 3, IPv6: 0, Min Delay: 515 ms, Max Speed: 0.26 M/s, Avg Speed: 0.25 M/s, Max Resolution: None
Category: 湖北频道, Name: 江夏新闻综合, Total: 3, Valid: 2, Valid Percent: 66.67%, Whitelist: 1, IPv4: 2, IPv6: 0, Min Delay: 2009 ms, Max Speed: 0.29 M/s, Avg Speed: 0.29 M/s, Max Resolution: None
Category: 湖北频道, Name: 崇阳新闻综合, Total: 2, Valid: 2, Valid Percent: 100.00%, Whitelist: 0, IPv4: 2, IPv6: 0, Min Delay: 10691 ms, Max Speed: 0.33 M/s, Avg Speed: 0.33 M/s, Max Resolution: None
Category: 湖北频道, Name: 十堰新闻, Total: 7, Valid: 0, Valid Percent: 0.00%, Whitelist: 3, IPv4: 0, IPv6: 4, Min Delay: -1 ms, Max Speed: 0.00 M/s, Avg Speed: 0.00 M/s, Max Resolution: None
Category: 湖北频道, Name: 保康新闻综合, Total: 1, Valid: 0, Valid Percent: 0.00%, Whitelist: 1, IPv4: 0, IPv6: 0, Min Delay: -1 ms, Max Speed: 0.00 M/s, Avg Speed: 0.00 M/s, Max Resolution: None
Category: 湖北频道, Name: 仙桃新闻综合, Total: 3, Valid: 0, Valid Percent: 0.00%, Whitelist: 3, IPv4: 0, IPv6: 0, Min Delay: -1 ms, Max Speed: 0.00 M/s, Avg Speed: 0.00 M/s, Max Resolution: None
Category: 湖北频道, Name: 麻城综合, Total: 2, Valid: 2, Valid Percent: 100.00%, Whitelist: 0, IPv4: 2, IPv6: 0, Min Delay: 2379 ms, Max Speed: 1.12 M/s, Avg Speed: 1.12 M/s, Max Resolution: None
Category: 湖北频道, Name: 荆门新闻综合, Total: 17, Valid: 0, Valid Percent: 0.00%, Whitelist: 3, IPv4: 0, IPv6: 14, Min Delay: -1 ms, Max Speed: 0.00 M/s, Avg Speed: 0.00 M/s, Max Resolution: None
Category: 湖北频道, Name: 武汉新闻, Total: 1, Valid: 1, Valid Percent: 100.00%, Whitelist: 0, IPv4: 1, IPv6: 0, Min Delay: 2126 ms, Max Speed: 1.17 M/s, Avg Speed: 1.17 M/s, Max Resolution: None
Category: 广东频道, Name: 广东珠江, Total: 109, Valid: 0, Valid Percent: 0.00%, Whitelist: 7, IPv4: 0, IPv6: 102, Min Delay: -1 ms, Max Speed: 0.00 M/s, Avg Speed: 0.00 M/s, Max Resolution: None
Category: 广东频道, Name: 广东体育, Total: 162, Valid: 4, Valid Percent: 2.47%, Whitelist: 4, IPv4: 4, IPv6: 154, Min Delay: 156 ms, Max Speed: 20.27 M/s, Avg Speed: 8.73 M/s, Max Resolution: None
Category: 广东频道, Name: 广东新闻, Total: 86, Valid: 0, Valid Percent: 0.00%, Whitelist: 6, IPv4: 0, IPv6: 80, Min Delay: -1 ms, Max Speed: 0.00 M/s, Avg Speed: 0.00 M/s, Max Resolution: None
Category: 广东频道, Name: 广东卫视, Total: 123, Valid: 8, Valid Percent: 6.50%, Whitelist: 21, IPv4: 8, IPv6: 94, Min Delay: 11 ms, Max Speed: 27.15 M/s, Avg Speed: 19.76 M/s, Max Resolution: None
Category: 广东频道, Name: 广东民生, Total: 83, Valid: 0, Valid Percent: 0.00%, Whitelist: 5, IPv4: 0, IPv6: 78, Min Delay: -1 ms, Max Speed: 0.00 M/s, Avg Speed: 0.00 M/s, Max Resolution: None
Category: 广东频道, Name: 大湾区卫视, Total: 90, Valid: 9, Valid Percent: 10.00%, Whitelist: 8, IPv4: 9, IPv6: 73, Min Delay: 37 ms, Max Speed: 27.15 M/s, Avg Speed: 13.87 M/s, Max Resolution: None
Category: 广东频道, Name: 广州综合, Total: 34, Valid: 1, Valid Percent: 2.94%, Whitelist: 2, IPv4: 1, IPv6: 31, Min Delay: 2081 ms, Max Speed: 1.19 M/s, Avg Speed: 1.19 M/s, Max Resolution: None
Category: 广东频道, Name: 广州影视, Total: 11, Valid: 1, Valid Percent: 9.09%, Whitelist: 2, IPv4: 1, IPv6: 8, Min Delay: 2081 ms, Max Speed: 1.19 M/s, Avg Speed: 1.19 M/s, Max Resolution: None
Category: 广东频道, Name: 广州竞赛, Total: 19, Valid: 1, Valid Percent: 5.26%, Whitelist: 0, IPv4: 1, IPv6: 18, Min Delay: 2081 ms, Max Speed: 1.19 M/s, Avg Speed: 1.19 M/s, Max Resolution: None
Category: 广东频道, Name: 江门综合, Total: 9, Valid: 0, Valid Percent: 0.00%, Whitelist: 1, IPv4: 0, IPv6: 8, Min Delay: -1 ms, Max Speed: 0.00 M/s, Avg Speed: 0.00 M/s, Max Resolution: None
Category: 广东频道, Name: 佛山综合, Total: 13, Valid: 0, Valid Percent: 0.00%, Whitelist: 1, IPv4: 0, IPv6: 12, Min Delay: -1 ms, Max Speed: 0.00 M/s, Avg Speed: 0.00 M/s, Max Resolution: None
Category: 广东频道, Name: 深圳卫视, Total: 55, Valid: 13, Valid Percent: 23.64%, Whitelist: 16, IPv4: 13, IPv6: 26, Min Delay: 11 ms, Max Speed: 27.15 M/s, Avg Speed: 10.52 M/s, Max Resolution: None
Category: 广东频道, Name: 汕头综合, Total: 9, Valid: 0, Valid Percent: 0.00%, Whitelist: 0, IPv4: 0, IPv6: 9, Min Delay: -1 ms, Max Speed: 0.00 M/s, Avg Speed: 0.00 M/s, Max Resolution: None
Category: 广东频道, Name: 汕头经济, Total: 6, Valid: 0, Valid Percent: 0.00%, Whitelist: 0, IPv4: 0, IPv6: 6, Min Delay: -1 ms, Max Speed: 0.00 M/s, Avg Speed: 0.00 M/s, Max Resolution: None
Category: 浙江频道, Name: 浙江钱江, Total: 10, Valid: 7, Valid Percent: 70.00%, Whitelist: 0, IPv4: 7, IPv6: 3, Min Delay: 408 ms, Max Speed: 1.05 M/s, Avg Speed: 0.22 M/s, Max Resolution: None
Category: 浙江频道, Name: 浙江钱江都市, Total: 13, Valid: 7, Valid Percent: 53.85%, Whitelist: 3, IPv4: 7, IPv6: 3, Min Delay: 408 ms, Max Speed: 3.64 M/s, Avg Speed: 1.19 M/s, Max Resolution: None
Category: 浙江频道, Name: 浙江钱江台, Total: 3, Valid: 3, Valid Percent: 100.00%, Whitelist: 0, IPv4: 3, IPv6: 0, Min Delay: 408 ms, Max Speed: 1.05 M/s, Avg Speed: 0.52 M/s, Max Resolution: None
Category: 浙江频道, Name: 浙江生活, Total: 9, Valid: 4, Valid Percent: 44.44%, Whitelist: 0, IPv4: 4, IPv6: 5, Min Delay: 408 ms, Max Speed: 1.05 M/s, Avg Speed: 0.52 M/s, Max Resolution: None
Category: 浙江频道, Name: 浙江经济生活, Total: 15, Valid: 7, Valid Percent: 46.67%, Whitelist: 3, IPv4: 7, IPv6: 5, Min Delay: 408 ms, Max Speed: 3.64 M/s, Avg Speed: 1.26 M/s, Max Resolution: None
Category: 浙江频道, Name: 浙江教育, Total: 4, Valid: 3, Valid Percent: 75.00%, Whitelist: 0, IPv4: 3, IPv6: 1, Min Delay: 408 ms, Max Speed: 1.05 M/s, Avg Speed: 0.70 M/s, Max Resolution: None
Category: 浙江频道, Name: 浙江民生, Total: 10, Valid: 5, Valid Percent: 50.00%, Whitelist: 0, IPv4: 5, IPv6: 5, Min Delay: 408 ms, Max Speed: 1.05 M/s, Avg Speed: 0.42 M/s, Max Resolution: None
Category: 浙江频道, Name: 浙江新闻, Total: 32, Valid: 8, Valid Percent: 25.00%, Whitelist: 5, IPv4: 8, IPv6: 19, Min Delay: 408 ms, Max Speed: 3.64 M/s, Avg Speed: 1.17 M/s, Max Resolution: None
Category: 浙江频道, Name: 浙江少儿, Total: 15, Valid: 5, Valid Percent: 33.33%, Whitelist: 3, IPv4: 5, IPv6: 7, Min Delay: 408 ms, Max Speed: 1.05 M/s, Avg Speed: 0.63 M/s, Max Resolution: None
Category: 浙江频道, Name: 杭州综合, Total: 5, Valid: 0, Valid Percent: 0.00%, Whitelist: 2, IPv4: 0, IPv6: 3, Min Delay: -1 ms, Max Speed: 0.00 M/s, Avg Speed: 0.00 M/s, Max Resolution: None
Category: 浙江频道, Name: 杭州明珠, Total: 4, Valid: 0, Valid Percent: 0.00%, Whitelist: 1, IPv4: 0, IPv6: 3, Min Delay: -1 ms, Max Speed: 0.00 M/s, Avg Speed: 0.00 M/s, Max Resolution: None
Category: 浙江频道, Name: 杭州生活, Total: 5, Valid: 0, Valid Percent: 0.00%, Whitelist: 1, IPv4: 0, IPv6: 4, Min Delay: -1 ms, Max Speed: 0.00 M/s, Avg Speed: 0.00 M/s, Max Resolution: None
Category: 浙江频道, Name: 杭州影视, Total: 3, Valid: 0, Valid Percent: 0.00%, Whitelist: 1, IPv4: 0, IPv6: 2, Min Delay: -1 ms, Max Speed: 0.00 M/s, Avg Speed: 0.00 M/s, Max Resolution: None
Category: 浙江频道, Name: 杭州少体, Total: 1, Valid: 0, Valid Percent: 0.00%, Whitelist: 0, IPv4: 0, IPv6: 1, Min Delay: -1 ms, Max Speed: 0.00 M/s, Avg Speed: 0.00 M/s, Max Resolution: None
Category: 浙江频道, Name: 浙江教科, Total: 2, Valid: 2, Valid Percent: 100.00%, Whitelist: 0, IPv4: 2, IPv6: 0, Min Delay: 408 ms, Max Speed: 1.05 M/s, Avg Speed: 0.52 M/s, Max Resolution: None
Category: 浙江频道, Name: 浙江经济, Total: 4, Valid: 4, Valid Percent: 100.00%, Whitelist: 0, IPv4: 4, IPv6: 0, Min Delay: 408 ms, Max Speed: 1.05 M/s, Avg Speed: 0.52 M/s, Max Resolution: None
Category: 浙江频道, Name: 之江纪录, Total: 5, Valid: 4, Valid Percent: 80.00%, Whitelist: 0, IPv4: 4, IPv6: 1, Min Delay: 408 ms, Max Speed: 1.05 M/s, Avg Speed: 0.52 M/s, Max Resolution: None
Category: 浙江频道, Name: 浙江国际, Total: 24, Valid: 8, Valid Percent: 33.33%, Whitelist: 3, IPv4: 8, IPv6: 13, Min Delay: 408 ms, Max Speed: 3.64 M/s, Avg Speed: 1.30 M/s, Max Resolution: None
Category: 浙江频道, Name: 嘉兴新闻综合, Total: 7, Valid: 4, Valid Percent: 57.14%, Whitelist: 2, IPv4: 4, IPv6: 1, Min Delay: 1975 ms, Max Speed: 1.05 M/s, Avg Speed: 0.59 M/s, Max Resolution: None
Category: 浙江频道, Name: 嘉兴文化影视, Total: 1, Valid: 0, Valid Percent: 0.00%, Whitelist: 1, IPv4: 0, IPv6: 0, Min Delay: -1 ms, Max Speed: 0.00 M/s, Avg Speed: 0.00 M/s, Max Resolution: None
Category: 浙江频道, Name: 湖州公共, Total: 9, Valid: 2, Valid Percent: 22.22%, Whitelist: 0, IPv4: 2, IPv6: 7, Min Delay: 1500 ms, Max Speed: 0.10 M/s, Avg Speed: 0.10 M/s, Max Resolution: None
Category: 浙江频道, Name: 湖州新闻综合, Total: 5, Valid: 5, Valid Percent: 100.00%, Whitelist: 0, IPv4: 5, IPv6: 0, Min Delay: 1008 ms, Max Speed: 1.05 M/s, Avg Speed: 0.32 M/s, Max Resolution: None
Category: 浙江频道, Name: 湖州文化娱乐, Total: 3, Valid: 3, Valid Percent: 100.00%, Whitelist: 0, IPv4: 3, IPv6: 0, Min Delay: 1008 ms, Max Speed: 0.15 M/s, Avg Speed: 0.13 M/s, Max Resolution: None
Category: 浙江频道, Name: 衢州新闻综合, Total: 2, Valid: 1, Valid Percent: 50.00%, Whitelist: 1, IPv4: 1, IPv6: 0, Min Delay: 2165 ms, Max Speed: 1.05 M/s, Avg Speed: 1.05 M/s, Max Resolution: None
Category: 浙江频道, Name: 金华新闻综合, Total: 2, Valid: 1, Valid Percent: 50.00%, Whitelist: 1, IPv4: 1, IPv6: 0, Min Delay: 2165 ms, Max Speed: 1.05 M/s, Avg Speed: 1.05 M/s, Max Resolution: None
Category: 浙江频道, Name: 舟山新闻综合, Total: 2, Valid: 1, Valid Percent: 50.00%, Whitelist: 1, IPv4: 1, IPv6: 0, Min Delay: 2165 ms, Max Speed: 1.05 M/s, Avg Speed: 1.05 M/s, Max Resolution: None
Category: 浙江频道, Name: 温州新闻综合, Total: 3, Valid: 3, Valid Percent: 100.00%, Whitelist: 0, IPv4: 3, IPv6: 0, Min Delay: 2165 ms, Max Speed: 1.05 M/s, Avg Speed: 0.88 M/s, Max Resolution: None
Category: 浙江频道, Name: 浙江经视, Total: 2, Valid: 2, Valid Percent: 100.00%, Whitelist: 0, IPv4: 2, IPv6: 0, Min Delay: 408 ms, Max Speed: 1.05 M/s, Avg Speed: 0.52 M/s, Max Resolution: None
Category: 浙江频道, Name: 浙江留学, Total: 2, Valid: 1, Valid Percent: 50.00%, Whitelist: 0, IPv4: 1, IPv6: 1, Min Delay: 1935 ms, Max Speed: 1.05 M/s, Avg Speed: 1.05 M/s, Max Resolution: None
Category: 浙江频道, Name: 浙江民生休闲, Total: 16, Valid: 6, Valid Percent: 37.50%, Whitelist: 3, IPv4: 6, IPv6: 7, Min Delay: 408 ms, Max Speed: 3.64 M/s, Avg Speed: 1.56 M/s, Max Resolution: None
Category: 浙江频道, Name: 浙江数码时代, Total: 5, Valid: 5, Valid Percent: 100.00%, Whitelist: 0, IPv4: 5, IPv6: 0, Min Delay: 408 ms, Max Speed: 1.05 M/s, Avg Speed: 0.42 M/s, Max Resolution: None
Category: 浙江频道, Name: 浙江教科影院, Total: 2, Valid: 2, Valid Percent: 100.00%, Whitelist: 0, IPv4: 2, IPv6: 0, Min Delay: 408 ms, Max Speed: 0.00 M/s, Avg Speed: 0.00 M/s, Max Resolution: None
Category: 浙江频道, Name: 浙江教科影视, Total: 10, Valid: 6, Valid Percent: 60.00%, Whitelist: 3, IPv4: 6, IPv6: 1, Min Delay: 408 ms, Max Speed: 3.64 M/s, Avg Speed: 1.56 M/s, Max Resolution: None
Category: 浙江频道, Name: 浙江公共新闻, Total: 8, Valid: 4, Valid Percent: 50.00%, Whitelist: 0, IPv4: 4, IPv6: 4, Min Delay: 408 ms, Max Speed: 1.05 M/s, Avg Speed: 0.52 M/s, Max Resolution: None
Category: 浙江频道, Name: 浙江休闲台, Total: 1, Valid: 1, Valid Percent: 100.00%, Whitelist: 0, IPv4: 1, IPv6: 0, Min Delay: 408 ms, Max Speed: 0.00 M/s, Avg Speed: 0.00 M/s, Max Resolution: None
Category: 浙江频道, Name: 浙江青田, Total: 2, Valid: 2, Valid Percent: 100.00%, Whitelist: 0, IPv4: 2, IPv6: 0, Min Delay: 2614 ms, Max Speed: 0.51 M/s, Avg Speed: 0.51 M/s, Max Resolution: None
Category: 浙江频道, Name: 浙江遂昌, Total: 1, Valid: 1, Valid Percent: 100.00%, Whitelist: 0, IPv4: 1, IPv6: 0, Min Delay: 2614 ms, Max Speed: 0.51 M/s, Avg Speed: 0.51 M/s, Max Resolution: None
Category: 浙江频道, Name: 诸暨新闻综合, Total: 3, Valid: 3, Valid Percent: 100.00%, Whitelist: 0, IPv4: 3, IPv6: 0, Min Delay: 2614 ms, Max Speed: 0.51 M/s, Avg Speed: 0.51 M/s, Max Resolution: None
Category: 浙江频道, Name: 龙游生活娱乐, Total: 2, Valid: 2, Valid Percent: 100.00%, Whitelist: 0, IPv4: 2, IPv6: 0, Min Delay: 2614 ms, Max Speed: 0.51 M/s, Avg Speed: 0.51 M/s, Max Resolution: None
Category: 浙江频道, Name: 龙游新闻综合, Total: 4, Valid: 3, Valid Percent: 75.00%, Whitelist: 1, IPv4: 3, IPv6: 0, Min Delay: 2165 ms, Max Speed: 1.05 M/s, Avg Speed: 0.69 M/s, Max Resolution: None
Category: 浙江频道, Name: 龙泉新闻综合, Total: 3, Valid: 2, Valid Percent: 66.67%, Whitelist: 1, IPv4: 2, IPv6: 0, Min Delay: 2614 ms, Max Speed: 0.51 M/s, Avg Speed: 0.51 M/s, Max Resolution: None
Category: 浙江频道, Name: 青田电视台, Total: 3, Valid: 2, Valid Percent: 66.67%, Whitelist: 1, IPv4: 2, IPv6: 0, Min Delay: 2614 ms, Max Speed: 0.51 M/s, Avg Speed: 0.51 M/s, Max Resolution: None
Category: 浙江频道, Name: 遂昌综合, Total: 2, Valid: 2, Valid Percent: 100.00%, Whitelist: 0, IPv4: 2, IPv6: 0, Min Delay: 2614 ms, Max Speed: 0.51 M/s, Avg Speed: 0.51 M/s, Max Resolution: None
Category: 浙江频道, Name: 遂昌新闻综合, Total: 1, Valid: 1, Valid Percent: 100.00%, Whitelist: 0, IPv4: 1, IPv6: 0, Min Delay: 2614 ms, Max Speed: 0.51 M/s, Avg Speed: 0.51 M/s, Max Resolution: None
Category: 浙江频道, Name: 象山综合, Total: 2, Valid: 2, Valid Percent: 100.00%, Whitelist: 0, IPv4: 2, IPv6: 0, Min Delay: 2614 ms, Max Speed: 0.51 M/s, Avg Speed: 0.51 M/s, Max Resolution: None
Category: 浙江频道, Name: 象山电视台新闻综合, Total: 2, Valid: 2, Valid Percent: 100.00%, Whitelist: 0, IPv4: 2, IPv6: 0, Min Delay: 2614 ms, Max Speed: 0.51 M/s, Avg Speed: 0.51 M/s, Max Resolution: None
Category: 浙江频道, Name: 象山新闻综合, Total: 3, Valid: 2, Valid Percent: 66.67%, Whitelist: 1, IPv4: 2, IPv6: 0, Min Delay: 2614 ms, Max Speed: 0.51 M/s, Avg Speed: 0.51 M/s, Max Resolution: None
Category: 浙江频道, Name: 衢江新闻综合, Total: 9, Valid: 3, Valid Percent: 33.33%, Whitelist: 1, IPv4: 3, IPv6: 5, Min Delay: 2614 ms, Max Speed: 0.51 M/s, Avg Speed: 0.51 M/s, Max Resolution: None
Category: 浙江频道, Name: 萧山生活, Total: 4, Valid: 4, Valid Percent: 100.00%, Whitelist: 0, IPv4: 4, IPv6: 0, Min Delay: 2165 ms, Max Speed: 1.05 M/s, Avg Speed: 0.65 M/s, Max Resolution: None
Category: 浙江频道, Name: 萧山新闻综合, Total: 16, Valid: 5, Valid Percent: 31.25%, Whitelist: 1, IPv4: 5, IPv6: 10, Min Delay: 2165 ms, Max Speed: 1.05 M/s, Avg Speed: 0.62 M/s, Max Resolution: None
Category: 浙江频道, Name: 苍南新闻综合, Total: 11, Valid: 3, Valid Percent: 27.27%, Whitelist: 1, IPv4: 3, IPv6: 7, Min Delay: 2165 ms, Max Speed: 1.05 M/s, Avg Speed: 0.69 M/s, Max Resolution: None
Category: 浙江频道, Name: 舟山公共生活, Total: 1, Valid: 0, Valid Percent: 0.00%, Whitelist: 1, IPv4: 0, IPv6: 0, Min Delay: -1 ms, Max Speed: 0.00 M/s, Avg Speed: 0.00 M/s, Max Resolution: None
Category: 浙江频道, Name: 缙云综合, Total: 2, Valid: 2, Valid Percent: 100.00%, Whitelist: 0, IPv4: 2, IPv6: 0, Min Delay: 2614 ms, Max Speed: 0.51 M/s, Avg Speed: 0.51 M/s, Max Resolution: None
Category: 浙江频道, Name: 缙云新闻综合, Total: 2, Valid: 2, Valid Percent: 100.00%, Whitelist: 0, IPv4: 2, IPv6: 0, Min Delay: 2614 ms, Max Speed: 0.51 M/s, Avg Speed: 0.51 M/s, Max Resolution: None
Category: 浙江频道, Name: 绍兴电视台公共, Total: 4, Valid: 4, Valid Percent: 100.00%, Whitelist: 0, IPv4: 4, IPv6: 0, Min Delay: 3488 ms, Max Speed: 0.20 M/s, Avg Speed: 0.20 M/s, Max Resolution: None
Category: 浙江频道, Name: 绍兴新闻综合, Total: 12, Valid: 6, Valid Percent: 50.00%, Whitelist: 0, IPv4: 6, IPv6: 6, Min Delay: 2165 ms, Max Speed: 1.05 M/s, Avg Speed: 0.34 M/s, Max Resolution: None
Category: 浙江频道, Name: 绍兴文化影院, Total: 7, Valid: 2, Valid Percent: 28.57%, Whitelist: 0, IPv4: 2, IPv6: 5, Min Delay: 3488 ms, Max Speed: 0.20 M/s, Avg Speed: 0.20 M/s, Max Resolution: None
Category: 浙江频道, Name: 绍兴文化影视, Total: 3, Valid: 1, Valid Percent: 33.33%, Whitelist: 0, IPv4: 1, IPv6: 2, Min Delay: 3488 ms, Max Speed: 0.20 M/s, Avg Speed: 0.20 M/s, Max Resolution: None
Category: 浙江频道, Name: 绍兴公共, Total: 13, Valid: 4, Valid Percent: 30.77%, Whitelist: 0, IPv4: 4, IPv6: 9, Min Delay: 3488 ms, Max Speed: 0.20 M/s, Avg Speed: 0.20 M/s, Max Resolution: None
Category: 浙江频道, Name: 湖州公共民生, Total: 1, Valid: 1, Valid Percent: 100.00%, Whitelist: 0, IPv4: 1, IPv6: 0, Min Delay: 1008 ms, Max Speed: 0.15 M/s, Avg Speed: 0.15 M/s, Max Resolution: None
Category: 浙江频道, Name: 淳安电视台, Total: 1, Valid: 0, Valid Percent: 0.00%, Whitelist: 1, IPv4: 0, IPv6: 0, Min Delay: -1 ms, Max Speed: 0.00 M/s, Avg Speed: 0.00 M/s, Max Resolution: None
Category: 浙江频道, Name: 海宁新闻综合, Total: 3, Valid: 2, Valid Percent: 66.67%, Whitelist: 1, IPv4: 2, IPv6: 0, Min Delay: 770 ms, Max Speed: 0.52 M/s, Avg Speed: 0.52 M/s, Max Resolution: None
Category: 浙江频道, Name: 洞头综合, Total: 2, Valid: 2, Valid Percent: 100.00%, Whitelist: 0, IPv4: 2, IPv6: 0, Min Delay: 2614 ms, Max Speed: 0.51 M/s, Avg Speed: 0.51 M/s, Max Resolution: None
Category: 浙江频道, Name: 永嘉新闻综合, Total: 9, Valid: 3, Valid Percent: 33.33%, Whitelist: 1, IPv4: 3, IPv6: 5, Min Delay: 2614 ms, Max Speed: 0.51 M/s, Avg Speed: 0.51 M/s, Max Resolution: None
Category: 浙江频道, Name: 武义新闻综合, Total: 5, Valid: 3, Valid Percent: 60.00%, Whitelist: 1, IPv4: 3, IPv6: 1, Min Delay: 2614 ms, Max Speed: 0.51 M/s, Avg Speed: 0.51 M/s, Max Resolution: None
Category: 浙江频道, Name: 桐乡新闻综合, Total: 2, Valid: 0, Valid Percent: 0.00%, Whitelist: 2, IPv4: 0, IPv6: 0, Min Delay: -1 ms, Max Speed: 0.00 M/s, Avg Speed: 0.00 M/s, Max Resolution: None
Category: 浙江频道, Name: 松阳综合, Total: 5, Valid: 5, Valid Percent: 100.00%, Whitelist: 0, IPv4: 5, IPv6: 0, Min Delay: 2614 ms, Max Speed: 0.51 M/s, Avg Speed: 0.51 M/s, Max Resolution: None
Category: 浙江频道, Name: 松阳新闻综合, Total: 2, Valid: 2, Valid Percent: 100.00%, Whitelist: 0, IPv4: 2, IPv6: 0, Min Delay: 2614 ms, Max Speed: 0.51 M/s, Avg Speed: 0.51 M/s, Max Resolution: None
Category: 浙江频道, Name: 普陀电视台, Total: 2, Valid: 2, Valid Percent: 100.00%, Whitelist: 0, IPv4: 2, IPv6: 0, Min Delay: 2165 ms, Max Speed: 1.05 M/s, Avg Speed: 0.78 M/s, Max Resolution: None
Category: 浙江频道, Name: 普陀新闻综合, Total: 4, Valid: 2, Valid Percent: 50.00%, Whitelist: 2, IPv4: 2, IPv6: 0, Min Delay: 2614 ms, Max Speed: 0.51 M/s, Avg Speed: 0.51 M/s, Max Resolution: None
Category: 浙江频道, Name: 新昌生活, Total: 1, Valid: 1, Valid Percent: 100.00%, Whitelist: 0, IPv4: 1, IPv6: 0, Min Delay: 2614 ms, Max Speed: 0.51 M/s, Avg Speed: 0.51 M/s, Max Resolution: None
Category: 浙江频道, Name: 新昌新闻综合, Total: 9, Valid: 4, Valid Percent: 44.44%, Whitelist: 2, IPv4: 4, IPv6: 3, Min Delay: 1613 ms, Max Speed: 1.05 M/s, Avg Speed: 0.60 M/s, Max Resolution: None
Category: 浙江频道, Name: 文成综合, Total: 3, Valid: 3, Valid Percent: 100.00%, Whitelist: 0, IPv4: 3, IPv6: 0, Min Delay: 2614 ms, Max Speed: 0.51 M/s, Avg Speed: 0.51 M/s, Max Resolution: None
Category: 浙江频道, Name: 文成新闻综合, Total: 2, Valid: 2, Valid Percent: 100.00%, Whitelist: 0, IPv4: 2, IPv6: 0, Min Delay: 2614 ms, Max Speed: 0.51 M/s, Avg Speed: 0.51 M/s, Max Resolution: None
Category: 浙江频道, Name: 数码时代, Total: 1, Valid: 1, Valid Percent: 100.00%, Whitelist: 0, IPv4: 1, IPv6: 0, Min Delay: 408 ms, Max Speed: 0.00 M/s, Avg Speed: 0.00 M/s, Max Resolution: None
Category: 浙江频道, Name: 开化新闻综合, Total: 4, Valid: 1, Valid Percent: 25.00%, Whitelist: 1, IPv4: 1, IPv6: 2, Min Delay: 2614 ms, Max Speed: 0.51 M/s, Avg Speed: 0.51 M/s, Max Resolution: None
Category: 浙江频道, Name: 开化国家公园, Total: 5, Valid: 4, Valid Percent: 80.00%, Whitelist: 1, IPv4: 4, IPv6: 0, Min Delay: 2614 ms, Max Speed: 0.51 M/s, Avg Speed: 0.51 M/s, Max Resolution: None
Category: 浙江频道, Name: 庆元综合, Total: 5, Valid: 5, Valid Percent: 100.00%, Whitelist: 0, IPv4: 5, IPv6: 0, Min Delay: 2614 ms, Max Speed: 0.51 M/s, Avg Speed: 0.51 M/s, Max Resolution: None
Category: 浙江频道, Name: 庆元新闻综合, Total: 2, Valid: 2, Valid Percent: 100.00%, Whitelist: 0, IPv4: 2, IPv6: 0, Min Delay: 2614 ms, Max Speed: 0.51 M/s, Avg Speed: 0.51 M/s, Max Resolution: None
Category: 浙江频道, Name: 平湖民生休闲, Total: 3, Valid: 3, Valid Percent: 100.00%, Whitelist: 0, IPv4: 3, IPv6: 0, Min Delay: 2614 ms, Max Speed: 0.51 M/s, Avg Speed: 0.51 M/s, Max Resolution: None
Category: 浙江频道, Name: 平湖新闻综合, Total: 11, Valid: 3, Valid Percent: 27.27%, Whitelist: 1, IPv4: 3, IPv6: 7, Min Delay: 2614 ms, Max Speed: 0.51 M/s, Avg Speed: 0.51 M/s, Max Resolution: None
Category: 浙江频道, Name: 嵊泗综合, Total: 5, Valid: 2, Valid Percent: 40.00%, Whitelist: 0, IPv4: 2, IPv6: 3, Min Delay: 2614 ms, Max Speed: 0.51 M/s, Avg Speed: 0.51 M/s, Max Resolution: None
Category: 浙江频道, Name: 嵊泗新闻综合, Total: 2, Valid: 1, Valid Percent: 50.00%, Whitelist: 1, IPv4: 1, IPv6: 0, Min Delay: 2614 ms, Max Speed: 0.51 M/s, Avg Speed: 0.51 M/s, Max Resolution: None
Category: 浙江频道, Name: 嵊州新闻综合, Total: 6, Valid: 3, Valid Percent: 50.00%, Whitelist: 2, IPv4: 3, IPv6: 1, Min Delay: 2614 ms, Max Speed: 0.51 M/s, Avg Speed: 0.51 M/s, Max Resolution: None
Category: 浙江频道, Name: 兰溪新闻综合, Total: 9, Valid: 3, Valid Percent: 33.33%, Whitelist: 2, IPv4: 3, IPv6: 4, Min Delay: 2614 ms, Max Speed: 0.51 M/s, Avg Speed: 0.51 M/s, Max Resolution: None
Category: 浙江频道, Name: 余杭综合, Total: 3, Valid: 3, Valid Percent: 100.00%, Whitelist: 0, IPv4: 3, IPv6: 0, Min Delay: 2614 ms, Max Speed: 0.51 M/s, Avg Speed: 0.51 M/s, Max Resolution: None
Category: 浙江频道, Name: 余杭未来E, Total: 2, Valid: 2, Valid Percent: 100.00%, Whitelist: 0, IPv4: 2, IPv6: 0, Min Delay: 2614 ms, Max Speed: 0.51 M/s, Avg Speed: 0.51 M/s, Max Resolution: None
Category: 浙江频道, Name: 余姚综合, Total: 4, Valid: 4, Valid Percent: 100.00%, Whitelist: 0, IPv4: 4, IPv6: 0, Min Delay: 2165 ms, Max Speed: 1.05 M/s, Avg Speed: 0.65 M/s, Max Resolution: None
Category: 浙江频道, Name: 余姚新闻综合, Total: 5, Valid: 4, Valid Percent: 80.00%, Whitelist: 1, IPv4: 4, IPv6: 0, Min Delay: 2165 ms, Max Speed: 1.05 M/s, Avg Speed: 0.65 M/s, Max Resolution: None
Category: 浙江频道, Name: 余姚姚江文化, Total: 6, Valid: 5, Valid Percent: 83.33%, Whitelist: 1, IPv4: 5, IPv6: 0, Min Delay: 2165 ms, Max Speed: 1.05 M/s, Avg Speed: 0.73 M/s, Max Resolution: None
Category: 浙江频道, Name: 云和新闻综合, Total: 3, Valid: 2, Valid Percent: 66.67%, Whitelist: 1, IPv4: 2, IPv6: 0, Min Delay: 2614 ms, Max Speed: 0.51 M/s, Avg Speed: 0.51 M/s, Max Resolution: None
Category: 浙江频道, Name: 义乌新闻综合, Total: 1, Valid: 0, Valid Percent: 0.00%, Whitelist: 1, IPv4: 0, IPv6: 0, Min Delay: -1 ms, Max Speed: 0.00 M/s, Avg Speed: 0.00 M/s, Max Resolution: None
Category: 浙江频道, Name: 中国蓝新闻, Total: 3, Valid: 3, Valid Percent: 100.00%, Whitelist: 0, IPv4: 3, IPv6: 0, Min Delay: 408 ms, Max Speed: 1.05 M/s, Avg Speed: 0.70 M/s, Max Resolution: None
Category: 浙江频道, Name: 东阳影视生活, Total: 2, Valid: 1, Valid Percent: 50.00%, Whitelist: 1, IPv4: 1, IPv6: 0, Min Delay: 2614 ms, Max Speed: 0.51 M/s, Avg Speed: 0.51 M/s, Max Resolution: None
Category: 浙江频道, Name: 上虞新闻综合, Total: 3, Valid: 3, Valid Percent: 100.00%, Whitelist: 0, IPv4: 3, IPv6: 0, Min Delay: 2614 ms, Max Speed: 0.51 M/s, Avg Speed: 0.51 M/s, Max Resolution: None
Category: 浙江频道, Name: 上虞新商都, Total: 13, Valid: 3, Valid Percent: 23.08%, Whitelist: 0, IPv4: 3, IPv6: 10, Min Delay: 2614 ms, Max Speed: 0.51 M/s, Avg Speed: 0.51 M/s, Max Resolution: None
Category: 浙江频道, Name: 上虞文化影院, Total: 8, Valid: 3, Valid Percent: 37.50%, Whitelist: 0, IPv4: 3, IPv6: 5, Min Delay: 2614 ms, Max Speed: 0.51 M/s, Avg Speed: 0.51 M/s, Max Resolution: None
Category: 浙江频道, Name: 上虞文化影视, Total: 1, Valid: 1, Valid Percent: 100.00%, Whitelist: 0, IPv4: 1, IPv6: 0, Min Delay: 2614 ms, Max Speed: 0.51 M/s, Avg Speed: 0.51 M/s, Max Resolution: None
Category: 北京频道, Name: 北京卡酷少儿, Total: 73, Valid: 0, Valid Percent: 0.00%, Whitelist: 4, IPv4: 0, IPv6: 69, Min Delay: -1 ms, Max Speed: 0.00 M/s, Avg Speed: 0.00 M/s, Max Resolution: None
Category: 北京频道, Name: 北京新闻, Total: 68, Valid: 7, Valid Percent: 10.29%, Whitelist: 1, IPv4: 7, IPv6: 60, Min Delay: 13 ms, Max Speed: 8.54 M/s, Avg Speed: 3.19 M/s, Max Resolution: None
Category: 北京频道, Name: 北京生活, Total: 61, Valid: 2, Valid Percent: 3.28%, Whitelist: 1, IPv4: 2, IPv6: 58, Min Delay: 18 ms, Max Speed: 5.08 M/s, Avg Speed: 2.57 M/s, Max Resolution: None
Category: 北京频道, Name: 北京科教, Total: 1, Valid: 1, Valid Percent: 100.00%, Whitelist: 0, IPv4: 1, IPv6: 0, Min Delay: 18 ms, Max Speed: 5.08 M/s, Avg Speed: 5.08 M/s, Max Resolution: None
Category: 北京频道, Name: 北京财经, Total: 61, Valid: 2, Valid Percent: 3.28%, Whitelist: 1, IPv4: 2, IPv6: 58, Min Delay: 18 ms, Max Speed: 5.08 M/s, Avg Speed: 2.57 M/s, Max Resolution: None
Category: 北京频道, Name: 北京青年, Total: 1, Valid: 1, Valid Percent: 100.00%, Whitelist: 0, IPv4: 1, IPv6: 0, Min Delay: 18 ms, Max Speed: 5.08 M/s, Avg Speed: 5.08 M/s, Max Resolution: None
Category: 上海频道, Name: 七彩戏剧, Total: 2, Valid: 0, Valid Percent: 0.00%, Whitelist: 0, IPv4: 0, IPv6: 2, Min Delay: -1 ms, Max Speed: 0.00 M/s, Avg Speed: 0.00 M/s, Max Resolution: None
Category: 上海频道, Name: 上海外语, Total: 1, Valid: 0, Valid Percent: 0.00%, Whitelist: 0, IPv4: 0, IPv6: 1, Min Delay: -1 ms, Max Speed: 0.00 M/s, Avg Speed: 0.00 M/s, Max Resolution: None
Category: 上海频道, Name: 上海教育, Total: 1, Valid: 0, Valid Percent: 0.00%, Whitelist: 1, IPv4: 0, IPv6: 0, Min Delay: -1 ms, Max Speed: 0.00 M/s, Avg Speed: 0.00 M/s, Max Resolution: None
Category: 上海频道, Name: 上海新闻综合, Total: 83, Valid: 3, Valid Percent: 3.61%, Whitelist: 9, IPv4: 3, IPv6: 71, Min Delay: 37 ms, Max Speed: 27.15 M/s, Avg Speed: 18.36 M/s, Max Resolution: None
Category: 上海频道, Name: 上海第一财经, Total: 65, Valid: 3, Valid Percent: 4.62%, Whitelist: 0, IPv4: 3, IPv6: 62, Min Delay: 13 ms, Max Speed: 27.15 M/s, Avg Speed: 20.95 M/s, Max Resolution: None
Category: 上海频道, Name: 上海纪实, Total: 6, Valid: 0, Valid Percent: 0.00%, Whitelist: 0, IPv4: 0, IPv6: 6, Min Delay: -1 ms, Max Speed: 0.00 M/s, Avg Speed: 0.00 M/s, Max Resolution: None
Category: 上海频道, Name: 上海都市, Total: 68, Valid: 0, Valid Percent: 0.00%, Whitelist: 0, IPv4: 0, IPv6: 68, Min Delay: -1 ms, Max Speed: 0.00 M/s, Avg Speed: 0.00 M/s, Max Resolution: None
Category: 上海频道, Name: 东方影视, Total: 21, Valid: 2, Valid Percent: 9.52%, Whitelist: 6, IPv4: 2, IPv6: 13, Min Delay: 2146 ms, Max Speed: 0.90 M/s, Avg Speed: 0.90 M/s, Max Resolution: None
Category: 上海频道, Name: 东方财经, Total: 6, Valid: 0, Valid Percent: 0.00%, Whitelist: 5, IPv4: 0, IPv6: 1, Min Delay: -1 ms, Max Speed: 0.00 M/s, Avg Speed: 0.00 M/s, Max Resolution: None
Category: 上海频道, Name: 动漫秀场, Total: 12, Valid: 1, Valid Percent: 8.33%, Whitelist: 0, IPv4: 1, IPv6: 11, Min Delay: 2146 ms, Max Speed: 0.90 M/s, Avg Speed: 0.90 M/s, Max Resolution: None
Category: 上海频道, Name: 哈哈炫动, Total: 67, Valid: 0, Valid Percent: 0.00%, Whitelist: 0, IPv4: 0, IPv6: 67, Min Delay: -1 ms, Max Speed: 0.00 M/s, Avg Speed: 0.00 M/s, Max Resolution: None
Category: 上海频道, Name: 崇明电视台, Total: 1, Valid: 0, Valid Percent: 0.00%, Whitelist: 1, IPv4: 0, IPv6: 0, Min Delay: -1 ms, Max Speed: 0.00 M/s, Avg Speed: 0.00 M/s, Max Resolution: None
Category: 上海频道, Name: 新闻综合, Total: 14, Valid: 2, Valid Percent: 14.29%, Whitelist: 0, IPv4: 2, IPv6: 12, Min Delay: 2030 ms, Max Speed: 0.67 M/s, Avg Speed: 0.67 M/s, Max Resolution: None
Category: 上海频道, Name: 欢笑剧场, Total: 19, Valid: 1, Valid Percent: 5.26%, Whitelist: 6, IPv4: 1, IPv6: 12, Min Delay: 156 ms, Max Speed: 12.69 M/s, Avg Speed: 12.69 M/s, Max Resolution: None
Category: 上海频道, Name: 法治天地, Total: 16, Valid: 1, Valid Percent: 6.25%, Whitelist: 3, IPv4: 1, IPv6: 12, Min Delay: 515 ms, Max Speed: 0.22 M/s, Avg Speed: 0.22 M/s, Max Resolution: None
Category: 上海频道, Name: 生活时尚, Total: 12, Valid: 1, Valid Percent: 8.33%, Whitelist: 0, IPv4: 1, IPv6: 11, Min Delay: 2146 ms, Max Speed: 0.90 M/s, Avg Speed: 0.90 M/s, Max Resolution: None
Category: 上海频道, Name: 第一财经, Total: 25, Valid: 3, Valid Percent: 12.00%, Whitelist: 9, IPv4: 3, IPv6: 13, Min Delay: 11 ms, Max Speed: 8.29 M/s, Avg Speed: 2.81 M/s, Max Resolution: None
Category: 上海频道, Name: 纪实人文, Total: 2, Valid: 0, Valid Percent: 0.00%, Whitelist: 0, IPv4: 0, IPv6: 2, Min Delay: -1 ms, Max Speed: 0.00 M/s, Avg Speed: 0.00 M/s, Max Resolution: None
Category: 上海频道, Name: 都市剧场, Total: 14, Valid: 3, Valid Percent: 21.43%, Whitelist: 0, IPv4: 3, IPv6: 11, Min Delay: 13 ms, Max Speed: 12.69 M/s, Avg Speed: 7.15 M/s, Max Resolution: None
Category: 重庆频道, Name: 璧山综合, Total: 2, Valid: 2, Valid Percent: 100.00%, Whitelist: 0, IPv4: 2, IPv6: 0, Min Delay: 10245 ms, Max Speed: 0.43 M/s, Avg Speed: 0.43 M/s, Max Resolution: None
Category: 重庆频道, Name: 铜梁综合, Total: 5, Valid: 5, Valid Percent: 100.00%, Whitelist: 0, IPv4: 5, IPv6: 0, Min Delay: 2657 ms, Max Speed: 0.20 M/s, Avg Speed: 0.18 M/s, Max Resolution: None
Category: 重庆频道, Name: 重庆汽摩, Total: 10, Valid: 8, Valid Percent: 80.00%, Whitelist: 2, IPv4: 8, IPv6: 0, Min Delay: 1439 ms, Max Speed: 1.85 M/s, Avg Speed: 0.33 M/s, Max Resolution: None
Category: 重庆频道, Name: 荣昌综合, Total: 1, Valid: 1, Valid Percent: 100.00%, Whitelist: 0, IPv4: 1, IPv6: 0, Min Delay: 2126 ms, Max Speed: 0.23 M/s, Avg Speed: 0.23 M/s, Max Resolution: None
Category: 重庆频道, Name: 潼南综合, Total: 2, Valid: 2, Valid Percent: 100.00%, Whitelist: 0, IPv4: 2, IPv6: 0, Min Delay: 6002 ms, Max Speed: 0.22 M/s, Avg Speed: 0.22 M/s, Max Resolution: None
Category: 重庆频道, Name: 江津新闻综合, Total: 5, Valid: 3, Valid Percent: 60.00%, Whitelist: 2, IPv4: 3, IPv6: 0, Min Delay: 6974 ms, Max Speed: 0.47 M/s, Avg Speed: 0.47 M/s, Max Resolution: None
Category: 重庆频道, Name: 垫江综合, Total: 2, Valid: 2, Valid Percent: 100.00%, Whitelist: 0, IPv4: 2, IPv6: 0, Min Delay: 156 ms, Max Speed: 12.69 M/s, Avg Speed: 6.38 M/s, Max Resolution: None
Category: 重庆频道, Name: 万州综合, Total: 1, Valid: 1, Valid Percent: 100.00%, Whitelist: 0, IPv4: 1, IPv6: 0, Min Delay: 1439 ms, Max Speed: 0.06 M/s, Avg Speed: 0.06 M/s, Max Resolution: None
Category: 重庆频道, Name: 万州三峡移民, Total: 5, Valid: 3, Valid Percent: 60.00%, Whitelist: 1, IPv4: 3, IPv6: 1, Min Delay: 1439 ms, Max Speed: 0.06 M/s, Avg Speed: 0.06 M/s, Max Resolution: None
Category: 重庆频道, Name: 重庆新闻, Total: 6, Valid: 2, Valid Percent: 33.33%, Whitelist: 4, IPv4: 2, IPv6: 0, Min Delay: 13 ms, Max Speed: 12.69 M/s, Avg Speed: 10.62 M/s, Max Resolution: None
Category: 重庆频道, Name: 重庆时尚购物, Total: 1, Valid: 0, Valid Percent: 0.00%, Whitelist: 1, IPv4: 0, IPv6: 0, Min Delay: -1 ms, Max Speed: 0.00 M/s, Avg Speed: 0.00 M/s, Max Resolution: None
Category: 江苏频道, Name: 东海新闻, Total: 1, Valid: 0, Valid Percent: 0.00%, Whitelist: 0, IPv4: 0, IPv6: 1, Min Delay: -1 ms, Max Speed: 0.00 M/s, Avg Speed: 0.00 M/s, Max Resolution: None
Category: 江苏频道, Name: 优漫卡通, Total: 18, Valid: 0, Valid Percent: 0.00%, Whitelist: 11, IPv4: 0, IPv6: 7, Min Delay: -1 ms, Max Speed: 0.00 M/s, Avg Speed: 0.00 M/s, Max Resolution: None
Category: 江苏频道, Name: 六合新闻综合, Total: 6, Valid: 0, Valid Percent: 0.00%, Whitelist: 6, IPv4: 0, IPv6: 0, Min Delay: -1 ms, Max Speed: 0.00 M/s, Avg Speed: 0.00 M/s, Max Resolution: None
Category: 江苏频道, Name: 南京十八, Total: 26, Valid: 2, Valid Percent: 7.69%, Whitelist: 0, IPv4: 2, IPv6: 24, Min Delay: 37 ms, Max Speed: 27.15 M/s, Avg Speed: 27.15 M/s, Max Resolution: None
Category: 江苏频道, Name: 南京少儿, Total: 2, Valid: 0, Valid Percent: 0.00%, Whitelist: 1, IPv4: 0, IPv6: 1, Min Delay: -1 ms, Max Speed: 0.00 M/s, Avg Speed: 0.00 M/s, Max Resolution: None
Category: 江苏频道, Name: 南京教科, Total: 31, Valid: 3, Valid Percent: 9.68%, Whitelist: 3, IPv4: 3, IPv6: 25, Min Delay: 37 ms, Max Speed: 27.15 M/s, Avg Speed: 18.36 M/s, Max Resolution: None
Category: 江苏频道, Name: 南京新闻综合, Total: 36, Valid: 2, Valid Percent: 5.56%, Whitelist: 8, IPv4: 2, IPv6: 26, Min Delay: 37 ms, Max Speed: 27.15 M/s, Avg Speed: 27.15 M/s, Max Resolution: None
Category: 江苏频道, Name: 南通新闻综合, Total: 37, Valid: 3, Valid Percent: 8.11%, Whitelist: 9, IPv4: 3, IPv6: 25, Min Delay: 37 ms, Max Speed: 27.15 M/s, Avg Speed: 18.36 M/s, Max Resolution: None
Category: 江苏频道, Name: 南通都市生活, Total: 4, Valid: 0, Valid Percent: 0.00%, Whitelist: 4, IPv4: 0, IPv6: 0, Min Delay: -1 ms, Max Speed: 0.00 M/s, Avg Speed: 0.00 M/s, Max Resolution: None
Category: 江苏频道, Name: 句容党建, Total: 4, Valid: 4, Valid Percent: 100.00%, Whitelist: 0, IPv4: 4, IPv6: 0, Min Delay: 1294 ms, Max Speed: 0.24 M/s, Avg Speed: 0.24 M/s, Max Resolution: None
Category: 江苏频道, Name: 句容影院, Total: 1, Valid: 1, Valid Percent: 100.00%, Whitelist: 0, IPv4: 1, IPv6: 0, Min Delay: 1294 ms, Max Speed: 0.24 M/s, Avg Speed: 0.24 M/s, Max Resolution: None
Category: 江苏频道, Name: 句容新闻综合, Total: 7, Valid: 3, Valid Percent: 42.86%, Whitelist: 4, IPv4: 3, IPv6: 0, Min Delay: 1294 ms, Max Speed: 0.24 M/s, Avg Speed: 0.24 M/s, Max Resolution: None
Category: 江苏频道, Name: 句容生活, Total: 2, Valid: 2, Valid Percent: 100.00%, Whitelist: 0, IPv4: 2, IPv6: 0, Min Delay: 1294 ms, Max Speed: 0.24 M/s, Avg Speed: 0.24 M/s, Max Resolution: None
Category: 江苏频道, Name: 大丰公共, Total: 1, Valid: 0, Valid Percent: 0.00%, Whitelist: 0, IPv4: 0, IPv6: 1, Min Delay: -1 ms, Max Speed: 0.00 M/s, Avg Speed: 0.00 M/s, Max Resolution: None
Category: 江苏频道, Name: 如东一套新闻综合, Total: 1, Valid: 0, Valid Percent: 0.00%, Whitelist: 0, IPv4: 0, IPv6: 1, Min Delay: -1 ms, Max Speed: 0.00 M/s, Avg Speed: 0.00 M/s, Max Resolution: None
Category: 江苏频道, Name: 如东新闻综合, Total: 3, Valid: 0, Valid Percent: 0.00%, Whitelist: 0, IPv4: 0, IPv6: 3, Min Delay: -1 ms, Max Speed: 0.00 M/s, Avg Speed: 0.00 M/s, Max Resolution: None
Category: 江苏频道, Name: 姜堰新闻综合, Total: 2, Valid: 0, Valid Percent: 0.00%, Whitelist: 1, IPv4: 0, IPv6: 1, Min Delay: -1 ms, Max Speed: 0.00 M/s, Avg Speed: 0.00 M/s, Max Resolution: None
Category: 江苏频道, Name: 宜兴新闻, Total: 6, Valid: 3, Valid Percent: 50.00%, Whitelist: 0, IPv4: 3, IPv6: 3, Min Delay: 137 ms, Max Speed: 2.14 M/s, Avg Speed: 2.14 M/s, Max Resolution: None
Category: 江苏频道, Name: 宜兴紫砂, Total: 1, Valid: 1, Valid Percent: 100.00%, Whitelist: 0, IPv4: 1, IPv6: 0, Min Delay: 137 ms, Max Speed: 2.14 M/s, Avg Speed: 2.14 M/s, Max Resolution: None
Category: 江苏频道, Name: 宿迁公共, Total: 1, Valid: 0, Valid Percent: 0.00%, Whitelist: 0, IPv4: 0, IPv6: 1, Min Delay: -1 ms, Max Speed: 0.00 M/s, Avg Speed: 0.00 M/s, Max Resolution: None
Category: 江苏频道, Name: 常州公共, Total: 2, Valid: 0, Valid Percent: 0.00%, Whitelist: 1, IPv4: 0, IPv6: 1, Min Delay: -1 ms, Max Speed: 0.00 M/s, Avg Speed: 0.00 M/s, Max Resolution: None
Category: 江苏频道, Name: 常州生活, Total: 2, Valid: 0, Valid Percent: 0.00%, Whitelist: 1, IPv4: 0, IPv6: 1, Min Delay: -1 ms, Max Speed: 0.00 M/s, Avg Speed: 0.00 M/s, Max Resolution: None
Category: 江苏频道, Name: 常州都市, Total: 2, Valid: 0, Valid Percent: 0.00%, Whitelist: 1, IPv4: 0, IPv6: 1, Min Delay: -1 ms, Max Speed: 0.00 M/s, Avg Speed: 0.00 M/s, Max Resolution: None
Category: 江苏频道, Name: 常熟民生, Total: 1, Valid: 0, Valid Percent: 0.00%, Whitelist: 0, IPv4: 1, IPv6: 0, Min Delay: -1 ms, Max Speed: 0.00 M/s, Avg Speed: 0.00 M/s, Max Resolution: None
Category: 江苏频道, Name: 张家港新闻综合, Total: 5, Valid: 0, Valid Percent: 0.00%, Whitelist: 5, IPv4: 0, IPv6: 0, Min Delay: -1 ms, Max Speed: 0.00 M/s, Avg Speed: 0.00 M/s, Max Resolution: None
Category: 江苏频道, Name: 徐州公共, Total: 1, Valid: 0, Valid Percent: 0.00%, Whitelist: 0, IPv4: 0, IPv6: 1, Min Delay: -1 ms, Max Speed: 0.00 M/s, Avg Speed: 0.00 M/s, Max Resolution: None
Category: 江苏频道, Name: 徐州新聞綜合, Total: 1, Valid: 0, Valid Percent: 0.00%, Whitelist: 0, IPv4: 0, IPv6: 1, Min Delay: -1 ms, Max Speed: 0.00 M/s, Avg Speed: 0.00 M/s, Max Resolution: None
Category: 江苏频道, Name: 扬中党建民生, Total: 1, Valid: 0, Valid Percent: 0.00%, Whitelist: 1, IPv4: 0, IPv6: 0, Min Delay: -1 ms, Max Speed: 0.00 M/s, Avg Speed: 0.00 M/s, Max Resolution: None
Category: 江苏频道, Name: 新沂新闻, Total: 1, Valid: 0, Valid Percent: 0.00%, Whitelist: 0, IPv4: 0, IPv6: 1, Min Delay: -1 ms, Max Speed: 0.00 M/s, Avg Speed: 0.00 M/s, Max Resolution: None
Category: 江苏频道, Name: 新沂生活, Total: 1, Valid: 0, Valid Percent: 0.00%, Whitelist: 0, IPv4: 0, IPv6: 1, Min Delay: -1 ms, Max Speed: 0.00 M/s, Avg Speed: 0.00 M/s, Max Resolution: None
Category: 江苏频道, Name: 无锡娱乐, Total: 7, Valid: 0, Valid Percent: 0.00%, Whitelist: 1, IPv4: 0, IPv6: 6, Min Delay: -1 ms, Max Speed: 0.00 M/s, Avg Speed: 0.00 M/s, Max Resolution: None
Category: 江苏频道, Name: 无锡新闻综合, Total: 11, Valid: 0, Valid Percent: 0.00%, Whitelist: 6, IPv4: 0, IPv6: 5, Min Delay: -1 ms, Max Speed: 0.00 M/s, Avg Speed: 0.00 M/s, Max Resolution: None
Category: 江苏频道, Name: 无锡生活, Total: 5, Valid: 0, Valid Percent: 0.00%, Whitelist: 1, IPv4: 0, IPv6: 4, Min Delay: -1 ms, Max Speed: 0.00 M/s, Avg Speed: 0.00 M/s, Max Resolution: None
Category: 江苏频道, Name: 无锡经济, Total: 12, Valid: 1, Valid Percent: 8.33%, Whitelist: 1, IPv4: 1, IPv6: 10, Min Delay: 2126 ms, Max Speed: 1.17 M/s, Avg Speed: 1.17 M/s, Max Resolution: None
Category: 江苏频道, Name: 无锡都市资讯, Total: 6, Valid: 0, Valid Percent: 0.00%, Whitelist: 1, IPv4: 0, IPv6: 5, Min Delay: -1 ms, Max Speed: 0.00 M/s, Avg Speed: 0.00 M/s, Max Resolution: None
Category: 江苏频道, Name: 武进新闻, Total: 2, Valid: 2, Valid Percent: 100.00%, Whitelist: 0, IPv4: 2, IPv6: 0, Min Delay: 2393 ms, Max Speed: 0.05 M/s, Avg Speed: 0.05 M/s, Max Resolution: None
Category: 江苏频道, Name: 武进生活, Total: 4, Valid: 4, Valid Percent: 100.00%, Whitelist: 0, IPv4: 4, IPv6: 0, Min Delay: 2383 ms, Max Speed: 0.05 M/s, Avg Speed: 0.05 M/s, Max Resolution: None
Category: 江苏频道, Name: 江宁新闻, Total: 1, Valid: 0, Valid Percent: 0.00%, Whitelist: 0, IPv4: 0, IPv6: 1, Min Delay: -1 ms, Max Speed: 0.00 M/s, Avg Speed: 0.00 M/s, Max Resolution: None
Category: 江苏频道, Name: 江苏体育, Total: 29, Valid: 0, Valid Percent: 0.00%, Whitelist: 0, IPv4: 0, IPv6: 29, Min Delay: -1 ms, Max Speed: 0.00 M/s, Avg Speed: 0.00 M/s, Max Resolution: None
Category: 江苏频道, Name: 江苏公共, Total: 1, Valid: 0, Valid Percent: 0.00%, Whitelist: 0, IPv4: 0, IPv6: 1, Min Delay: -1 ms, Max Speed: 0.00 M/s, Avg Speed: 0.00 M/s, Max Resolution: None
Category: 江苏频道, Name: 江苏城市, Total: 39, Valid: 5, Valid Percent: 12.82%, Whitelist: 9, IPv4: 5, IPv6: 25, Min Delay: 37 ms, Max Speed: 27.15 M/s, Avg Speed: 11.49 M/s, Max Resolution: None
Category: 江苏频道, Name: 江苏影视, Total: 57, Valid: 5, Valid Percent: 8.77%, Whitelist: 9, IPv4: 5, IPv6: 43, Min Delay: 37 ms, Max Speed: 27.15 M/s, Avg Speed: 11.49 M/s, Max Resolution: None
Category: 江苏频道, Name: 江苏教育, Total: 59, Valid: 5, Valid Percent: 8.47%, Whitelist: 9, IPv4: 5, IPv6: 45, Min Delay: 37 ms, Max Speed: 27.15 M/s, Avg Speed: 11.49 M/s, Max Resolution: None
Category: 江苏频道, Name: 沛县新闻综合, Total: 2, Valid: 0, Valid Percent: 0.00%, Whitelist: 1, IPv4: 0, IPv6: 1, Min Delay: -1 ms, Max Speed: 0.00 M/s, Avg Speed: 0.00 M/s, Max Resolution: None
Category: 江苏频道, Name: 沭阳综合, Total: 2, Valid: 0, Valid Percent: 0.00%, Whitelist: 0, IPv4: 0, IPv6: 2, Min Delay: -1 ms, Max Speed: 0.00 M/s, Avg Speed: 0.00 M/s, Max Resolution: None
Category: 江苏频道, Name: 泗洪新闻综合, Total: 1, Valid: 0, Valid Percent: 0.00%, Whitelist: 0, IPv4: 0, IPv6: 1, Min Delay: -1 ms, Max Speed: 0.00 M/s, Avg Speed: 0.00 M/s, Max Resolution: None
Category: 江苏频道, Name: 泰州一套新闻综合, Total: 1, Valid: 0, Valid Percent: 0.00%, Whitelist: 0, IPv4: 0, IPv6: 1, Min Delay: -1 ms, Max Speed: 0.00 M/s, Avg Speed: 0.00 M/s, Max Resolution: None
Category: 江苏频道, Name: 海安新闻综合, Total: 2, Valid: 0, Valid Percent: 0.00%, Whitelist: 1, IPv4: 0, IPv6: 1, Min Delay: -1 ms, Max Speed: 0.00 M/s, Avg Speed: 0.00 M/s, Max Resolution: None
Category: 江苏频道, Name: 涟水电视台综合, Total: 7, Valid: 0, Valid Percent: 0.00%, Whitelist: 0, IPv4: 0, IPv6: 7, Min Delay: -1 ms, Max Speed: 0.00 M/s, Avg Speed: 0.00 M/s, Max Resolution: None
Category: 江苏频道, Name: 涟水综合, Total: 3, Valid: 0, Valid Percent: 0.00%, Whitelist: 0, IPv4: 0, IPv6: 3, Min Delay: -1 ms, Max Speed: 0.00 M/s, Avg Speed: 0.00 M/s, Max Resolution: None
Category: 江苏频道, Name: 淮安公共, Total: 1, Valid: 0, Valid Percent: 0.00%, Whitelist: 0, IPv4: 0, IPv6: 1, Min Delay: -1 ms, Max Speed: 0.00 M/s, Avg Speed: 0.00 M/s, Max Resolution: None
Category: 江苏频道, Name: 淮安影院娱乐, Total: 2, Valid: 0, Valid Percent: 0.00%, Whitelist: 0, IPv4: 0, IPv6: 2, Min Delay: -1 ms, Max Speed: 0.00 M/s, Avg Speed: 0.00 M/s, Max Resolution: None
Category: 江苏频道, Name: 淮安新闻综合, Total: 28, Valid: 3, Valid Percent: 10.71%, Whitelist: 0, IPv4: 3, IPv6: 25, Min Delay: 37 ms, Max Speed: 27.15 M/s, Avg Speed: 18.36 M/s, Max Resolution: None
Category: 江苏频道, Name: 淮阴综合, Total: 1, Valid: 0, Valid Percent: 0.00%, Whitelist: 0, IPv4: 0, IPv6: 1, Min Delay: -1 ms, Max Speed: 0.00 M/s, Avg Speed: 0.00 M/s, Max Resolution: None
Category: 江苏频道, Name: 溧水新闻综合, Total: 31, Valid: 3, Valid Percent: 9.68%, Whitelist: 2, IPv4: 3, IPv6: 26, Min Delay: 37 ms, Max Speed: 27.15 M/s, Avg Speed: 18.36 M/s, Max Resolution: None
Category: 江苏频道, Name: 滨海新闻综合, Total: 4, Valid: 2, Valid Percent: 50.00%, Whitelist: 2, IPv4: 2, IPv6: 0, Min Delay: 2088 ms, Max Speed: 0.40 M/s, Avg Speed: 0.40 M/s, Max Resolution: None
Category: 江苏频道, Name: 睢宁三农, Total: 1, Valid: 0, Valid Percent: 0.00%, Whitelist: 0, IPv4: 0, IPv6: 1, Min Delay: -1 ms, Max Speed: 0.00 M/s, Avg Speed: 0.00 M/s, Max Resolution: None
Category: 江苏频道, Name: 睢宁生活教育, Total: 4, Valid: 0, Valid Percent: 0.00%, Whitelist: 3, IPv4: 0, IPv6: 1, Min Delay: -1 ms, Max Speed: 0.00 M/s, Avg Speed: 0.00 M/s, Max Resolution: None
Category: 江苏频道, Name: 睢宁综合, Total: 3, Valid: 2, Valid Percent: 66.67%, Whitelist: 0, IPv4: 2, IPv6: 1, Min Delay: 909 ms, Max Speed: 0.25 M/s, Avg Speed: 0.25 M/s, Max Resolution: None
Category: 江苏频道, Name: 睢宁资讯, Total: 1, Valid: 0, Valid Percent: 0.00%, Whitelist: 0, IPv4: 0, IPv6: 1, Min Delay: -1 ms, Max Speed: 0.00 M/s, Avg Speed: 0.00 M/s, Max Resolution: None
Category: 江苏频道, Name: 苏州4k, Total: 1, Valid: 1, Valid Percent: 100.00%, Whitelist: 0, IPv4: 1, IPv6: 0, Min Delay: 909 ms, Max Speed: 0.25 M/s, Avg Speed: 0.25 M/s, Max Resolution: None
Category: 江苏频道, Name: 苏州文化生活, Total: 6, Valid: 3, Valid Percent: 50.00%, Whitelist: 1, IPv4: 3, IPv6: 2, Min Delay: 909 ms, Max Speed: 0.26 M/s, Avg Speed: 0.26 M/s, Max Resolution: None
Category: 江苏频道, Name: 苏州新闻综合, Total: 11, Valid: 2, Valid Percent: 18.18%, Whitelist: 6, IPv4: 2, IPv6: 3, Min Delay: 909 ms, Max Speed: 0.26 M/s, Avg Speed: 0.25 M/s, Max Resolution: None
Category: 江苏频道, Name: 苏州生活资讯, Total: 5, Valid: 2, Valid Percent: 40.00%, Whitelist: 1, IPv4: 2, IPv6: 2, Min Delay: 909 ms, Max Speed: 0.26 M/s, Avg Speed: 0.25 M/s, Max Resolution: None
Category: 江苏频道, Name: 苏州社会经济, Total: 5, Valid: 2, Valid Percent: 40.00%, Whitelist: 1, IPv4: 2, IPv6: 2, Min Delay: 909 ms, Max Speed: 0.26 M/s, Avg Speed: 0.25 M/s, Max Resolution: None
Category: 江苏频道, Name: 赣榆新闻综合, Total: 2, Valid: 0, Valid Percent: 0.00%, Whitelist: 1, IPv4: 0, IPv6: 1, Min Delay: -1 ms, Max Speed: 0.00 M/s, Avg Speed: 0.00 M/s, Max Resolution: None
Category: 江苏频道, Name: 连云港公共, Total: 1, Valid: 0, Valid Percent: 0.00%, Whitelist: 0, IPv4: 0, IPv6: 1, Min Delay: -1 ms, Max Speed: 0.00 M/s, Avg Speed: 0.00 M/s, Max Resolution: None
Category: 江苏频道, Name: 连云港新闻综合, Total: 52, Valid: 3, Valid Percent: 5.77%, Whitelist: 7, IPv4: 3, IPv6: 42, Min Delay: 37 ms, Max Speed: 27.15 M/s, Avg Speed: 18.36 M/s, Max Resolution: None
Category: 江苏频道, Name: 镇江二套社会民生, Total: 2, Valid: 2, Valid Percent: 100.00%, Whitelist: 0, IPv4: 2, IPv6: 0, Min Delay: 4091 ms, Max Speed: 0.50 M/s, Avg Speed: 0.50 M/s, Max Resolution: None
Category: 江苏频道, Name: 镇江新闻综合, Total: 27, Valid: 8, Valid Percent: 29.63%, Whitelist: 0, IPv4: 8, IPv6: 19, Min Delay: 37 ms, Max Speed: 27.15 M/s, Avg Speed: 7.29 M/s, Max Resolution: None
Category: 江苏频道, Name: 靖江新闻综合, Total: 11, Valid: 0, Valid Percent: 0.00%, Whitelist: 8, IPv4: 0, IPv6: 3, Min Delay: -1 ms, Max Speed: 0.00 M/s, Avg Speed: 0.00 M/s, Max Resolution: None
Category: 辽宁频道, Name: 朝阳新闻综合, Total: 2, Valid: 1, Valid Percent: 50.00%, Whitelist: 1, IPv4: 1, IPv6: 0, Min Delay: 3503 ms, Max Speed: 1.85 M/s, Avg Speed: 1.85 M/s, Max Resolution: None
Category: 辽宁频道, Name: 辽宁北方, Total: 5, Valid: 1, Valid Percent: 20.00%, Whitelist: 3, IPv4: 1, IPv6: 1, Min Delay: 3503 ms, Max Speed: 1.85 M/s, Avg Speed: 1.85 M/s, Max Resolution: None
Category: 辽宁频道, Name: 辽宁影视剧, Total: 7, Valid: 1, Valid Percent: 14.29%, Whitelist: 3, IPv4: 1, IPv6: 3, Min Delay: 3503 ms, Max Speed: 1.85 M/s, Avg Speed: 1.85 M/s, Max Resolution: None
Category: 辽宁频道, Name: 辽宁教育青少, Total: 5, Valid: 1, Valid Percent: 20.00%, Whitelist: 3, IPv4: 1, IPv6: 1, Min Delay: 3503 ms, Max Speed: 1.85 M/s, Avg Speed: 1.85 M/s, Max Resolution: None
Category: 辽宁频道, Name: 辽宁生活, Total: 5, Valid: 1, Valid Percent: 20.00%, Whitelist: 3, IPv4: 1, IPv6: 1, Min Delay: 3503 ms, Max Speed: 1.85 M/s, Avg Speed: 1.85 M/s, Max Resolution: None
Category: 辽宁频道, Name: 辽宁经济, Total: 6, Valid: 2, Valid Percent: 33.33%, Whitelist: 3, IPv4: 2, IPv6: 1, Min Delay: 3503 ms, Max Speed: 1.85 M/s, Avg Speed: 1.85 M/s, Max Resolution: None
Category: 辽宁频道, Name: 辽宁都市, Total: 7, Valid: 2, Valid Percent: 28.57%, Whitelist: 3, IPv4: 2, IPv6: 2, Min Delay: 3503 ms, Max Speed: 1.85 M/s, Avg Speed: 1.85 M/s, Max Resolution: None
Category: 湖南频道, Name: 湖南都市, Total: 15, Valid: 0, Valid Percent: 0.00%, Whitelist: 5, IPv4: 0, IPv6: 10, Min Delay: -1 ms, Max Speed: 0.00 M/s, Avg Speed: 0.00 M/s, Max Resolution: None
Category: 湖南频道, Name: 湖南经视, Total: 15, Valid: 0, Valid Percent: 0.00%, Whitelist: 5, IPv4: 0, IPv6: 10, Min Delay: -1 ms, Max Speed: 0.00 M/s, Avg Speed: 0.00 M/s, Max Resolution: None
Category: 湖南频道, Name: 湖南电视剧, Total: 16, Valid: 0, Valid Percent: 0.00%, Whitelist: 5, IPv4: 0, IPv6: 11, Min Delay: -1 ms, Max Speed: 0.00 M/s, Avg Speed: 0.00 M/s, Max Resolution: None
Category: 湖南频道, Name: 湖南电影, Total: 8, Valid: 0, Valid Percent: 0.00%, Whitelist: 4, IPv4: 0, IPv6: 4, Min Delay: -1 ms, Max Speed: 0.00 M/s, Avg Speed: 0.00 M/s, Max Resolution: None
Category: 湖南频道, Name: 湖南爱晚, Total: 9, Valid: 0, Valid Percent: 0.00%, Whitelist: 6, IPv4: 0, IPv6: 3, Min Delay: -1 ms, Max Speed: 0.00 M/s, Avg Speed: 0.00 M/s, Max Resolution: None
Category: 湖南频道, Name: 湖南教育, Total: 3, Valid: 0, Valid Percent: 0.00%, Whitelist: 2, IPv4: 0, IPv6: 1, Min Delay: -1 ms, Max Speed: 0.00 M/s, Avg Speed: 0.00 M/s, Max Resolution: None
Category: 湖南频道, Name: 湖南娱乐, Total: 9, Valid: 0, Valid Percent: 0.00%, Whitelist: 5, IPv4: 0, IPv6: 4, Min Delay: -1 ms, Max Speed: 0.00 M/s, Avg Speed: 0.00 M/s, Max Resolution: None
Category: 湖南频道, Name: 湖南国际, Total: 10, Valid: 0, Valid Percent: 0.00%, Whitelist: 6, IPv4: 0, IPv6: 4, Min Delay: -1 ms, Max Speed: 0.00 M/s, Avg Speed: 0.00 M/s, Max Resolution: None
Category: 湖南频道, Name: 湖南公共, Total: 4, Valid: 0, Valid Percent: 0.00%, Whitelist: 0, IPv4: 0, IPv6: 4, Min Delay: -1 ms, Max Speed: 0.00 M/s, Avg Speed: 0.00 M/s, Max Resolution: None
Category: 湖南频道, Name: 金鹰纪实, Total: 17, Valid: 0, Valid Percent: 0.00%, Whitelist: 6, IPv4: 0, IPv6: 11, Min Delay: -1 ms, Max Speed: 0.00 M/s, Avg Speed: 0.00 M/s, Max Resolution: None
Category: 湖南频道, Name: 长沙新闻综合, Total: 1, Valid: 0, Valid Percent: 0.00%, Whitelist: 0, IPv4: 0, IPv6: 1, Min Delay: -1 ms, Max Speed: 0.00 M/s, Avg Speed: 0.00 M/s, Max Resolution: None
Category: 湖南频道, Name: 长沙新闻, Total: 1, Valid: 0, Valid Percent: 0.00%, Whitelist: 0, IPv4: 0, IPv6: 1, Min Delay: -1 ms, Max Speed: 0.00 M/s, Avg Speed: 0.00 M/s, Max Resolution: None
Category: 湖南频道, Name: 衡阳新闻综合, Total: 1, Valid: 0, Valid Percent: 0.00%, Whitelist: 1, IPv4: 0, IPv6: 0, Min Delay: -1 ms, Max Speed: 0.00 M/s, Avg Speed: 0.00 M/s, Max Resolution: None
Category: 湖南频道, Name: 茶陵新闻综合, Total: 1, Valid: 0, Valid Percent: 0.00%, Whitelist: 1, IPv4: 0, IPv6: 0, Min Delay: -1 ms, Max Speed: 0.00 M/s, Avg Speed: 0.00 M/s, Max Resolution: None
Category: 湖南频道, Name: 益阳新闻综合, Total: 1, Valid: 0, Valid Percent: 0.00%, Whitelist: 1, IPv4: 0, IPv6: 0, Min Delay: -1 ms, Max Speed: 0.00 M/s, Avg Speed: 0.00 M/s, Max Resolution: None
Category: 湖南频道, Name: 湘潭县综合, Total: 1, Valid: 0, Valid Percent: 0.00%, Whitelist: 1, IPv4: 0, IPv6: 0, Min Delay: -1 ms, Max Speed: 0.00 M/s, Avg Speed: 0.00 M/s, Max Resolution: None
Category: 湖南频道, Name: 洪江市综合, Total: 1, Valid: 0, Valid Percent: 0.00%, Whitelist: 1, IPv4: 0, IPv6: 0, Min Delay: -1 ms, Max Speed: 0.00 M/s, Avg Speed: 0.00 M/s, Max Resolution: None
Category: 湖南频道, Name: 汨罗新闻综合, Total: 3, Valid: 2, Valid Percent: 66.67%, Whitelist: 1, IPv4: 2, IPv6: 0, Min Delay: 10317 ms, Max Speed: 0.01 M/s, Avg Speed: 0.01 M/s, Max Resolution: None
Category: 湖南频道, Name: 桑植新闻综合, Total: 2, Valid: 1, Valid Percent: 50.00%, Whitelist: 1, IPv4: 1, IPv6: 0, Min Delay: 10317 ms, Max Speed: 0.01 M/s, Avg Speed: 0.01 M/s, Max Resolution: None
Category: 湖南频道, Name: 新化新闻综合, Total: 2, Valid: 1, Valid Percent: 50.00%, Whitelist: 1, IPv4: 1, IPv6: 0, Min Delay: 10317 ms, Max Speed: 0.01 M/s, Avg Speed: 0.01 M/s, Max Resolution: None
Category: 湖南频道, Name: 娄底综合, Total: 1, Valid: 0, Valid Percent: 0.00%, Whitelist: 0, IPv4: 0, IPv6: 1, Min Delay: -1 ms, Max Speed: 0.00 M/s, Avg Speed: 0.00 M/s, Max Resolution: None
Category: 广西频道, Name: 乐业综合, Total: 1, Valid: 0, Valid Percent: 0.00%, Whitelist: 0, IPv4: 1, IPv6: 0, Min Delay: -1 ms, Max Speed: 0.00 M/s, Avg Speed: 0.00 M/s, Max Resolution: None
Category: 广西频道, Name: 凌云综合, Total: 2, Valid: 0, Valid Percent: 0.00%, Whitelist: 2, IPv4: 0, IPv6: 0, Min Delay: -1 ms, Max Speed: 0.00 M/s, Avg Speed: 0.00 M/s, Max Resolution: None
Category: 广西频道, Name: 北海新闻综合, Total: 2, Valid: 0, Valid Percent: 0.00%, Whitelist: 2, IPv4: 0, IPv6: 0, Min Delay: -1 ms, Max Speed: 0.00 M/s, Avg Speed: 0.00 M/s, Max Resolution: None
Category: 广西频道, Name: 北海经济科教, Total: 2, Valid: 0, Valid Percent: 0.00%, Whitelist: 1, IPv4: 0, IPv6: 1, Min Delay: -1 ms, Max Speed: 0.00 M/s, Avg Speed: 0.00 M/s, Max Resolution: None
Category: 广西频道, Name: 南宁公共, Total: 12, Valid: 5, Valid Percent: 41.67%, Whitelist: 2, IPv4: 5, IPv6: 5, Min Delay: 925 ms, Max Speed: 0.11 M/s, Avg Speed: 0.10 M/s, Max Resolution: None
Category: 广西频道, Name: 南宁影娱乐, Total: 1, Valid: 1, Valid Percent: 100.00%, Whitelist: 0, IPv4: 1, IPv6: 0, Min Delay: 925 ms, Max Speed: 0.11 M/s, Avg Speed: 0.11 M/s, Max Resolution: None
Category: 广西频道, Name: 南宁新闻综合, Total: 9, Valid: 4, Valid Percent: 44.44%, Whitelist: 2, IPv4: 4, IPv6: 3, Min Delay: 925 ms, Max Speed: 0.11 M/s, Avg Speed: 0.10 M/s, Max Resolution: None
Category: 广西频道, Name: 南宁都市生活, Total: 9, Valid: 3, Valid Percent: 33.33%, Whitelist: 0, IPv4: 3, IPv6: 6, Min Delay: 925 ms, Max Speed: 0.11 M/s, Avg Speed: 0.10 M/s, Max Resolution: None
Category: 广西频道, Name: 宾阳综合, Total: 4, Valid: 0, Valid Percent: 0.00%, Whitelist: 3, IPv4: 0, IPv6: 1, Min Delay: -1 ms, Max Speed: 0.00 M/s, Avg Speed: 0.00 M/s, Max Resolution: None
Category: 广西频道, Name: 岑溪综合, Total: 2, Valid: 0, Valid Percent: 0.00%, Whitelist: 2, IPv4: 0, IPv6: 0, Min Delay: -1 ms, Max Speed: 0.00 M/s, Avg Speed: 0.00 M/s, Max Resolution: None
Category: 广西频道, Name: 巴马综合, Total: 2, Valid: 0, Valid Percent: 0.00%, Whitelist: 2, IPv4: 0, IPv6: 0, Min Delay: -1 ms, Max Speed: 0.00 M/s, Avg Speed: 0.00 M/s, Max Resolution: None
Category: 广西频道, Name: 来宾综合, Total: 2, Valid: 2, Valid Percent: 100.00%, Whitelist: 0, IPv4: 2, IPv6: 0, Min Delay: 10780 ms, Max Speed: 0.32 M/s, Avg Speed: 0.32 M/s, Max Resolution: None
Category: 广西频道, Name: 灌阳新闻综合, Total: 4, Valid: 0, Valid Percent: 0.00%, Whitelist: 3, IPv4: 0, IPv6: 1, Min Delay: -1 ms, Max Speed: 0.00 M/s, Avg Speed: 0.00 M/s, Max Resolution: None
Category: 广西频道, Name: 灵川综合, Total: 1, Valid: 0, Valid Percent: 0.00%, Whitelist: 1, IPv4: 0, IPv6: 0, Min Delay: -1 ms, Max Speed: 0.00 M/s, Avg Speed: 0.00 M/s, Max Resolution: None
Category: 广西频道, Name: 田东综合, Total: 2, Valid: 0, Valid Percent: 0.00%, Whitelist: 1, IPv4: 0, IPv6: 1, Min Delay: -1 ms, Max Speed: 0.00 M/s, Avg Speed: 0.00 M/s, Max Resolution: None
Category: 广西频道, Name: 融水综合, Total: 1, Valid: 0, Valid Percent: 0.00%, Whitelist: 1, IPv4: 0, IPv6: 0, Min Delay: -1 ms, Max Speed: 0.00 M/s, Avg Speed: 0.00 M/s, Max Resolution: None
Category: 广西频道, Name: 资源电视台, Total: 1, Valid: 0, Valid Percent: 0.00%, Whitelist: 1, IPv4: 0, IPv6: 0, Min Delay: -1 ms, Max Speed: 0.00 M/s, Avg Speed: 0.00 M/s, Max Resolution: None
Category: 广西频道, Name: 广西新闻, Total: 7, Valid: 1, Valid Percent: 14.29%, Whitelist: 2, IPv4: 1, IPv6: 4, Min Delay: 156 ms, Max Speed: 12.69 M/s, Avg Speed: 12.69 M/s, Max Resolution: None
Category: 广西频道, Name: 广西国际, Total: 7, Valid: 1, Valid Percent: 14.29%, Whitelist: 2, IPv4: 1, IPv6: 4, Min Delay: 156 ms, Max Speed: 12.69 M/s, Avg Speed: 12.69 M/s, Max Resolution: None
Category: 广西频道, Name: 广西乐思购, Total: 1, Valid: 0, Valid Percent: 0.00%, Whitelist: 0, IPv4: 0, IPv6: 1, Min Delay: -1 ms, Max Speed: 0.00 M/s, Avg Speed: 0.00 M/s, Max Resolution: None
Category: 广西频道, Name: 南宁影视娱乐, Total: 9, Valid: 3, Valid Percent: 33.33%, Whitelist: 1, IPv4: 3, IPv6: 5, Min Delay: 925 ms, Max Speed: 0.11 M/s, Avg Speed: 0.10 M/s, Max Resolution: None
Category: 天津频道, Name: 滨海新闻, Total: 1, Valid: 1, Valid Percent: 100.00%, Whitelist: 0, IPv4: 1, IPv6: 0, Min Delay: 2088 ms, Max Speed: 0.40 M/s, Avg Speed: 0.40 M/s, Max Resolution: None
Category: 天津频道, Name: 滨海综艺, Total: 1, Valid: 1, Valid Percent: 100.00%, Whitelist: 0, IPv4: 1, IPv6: 0, Min Delay: 2088 ms, Max Speed: 0.40 M/s, Avg Speed: 0.40 M/s, Max Resolution: None
Category: 天津频道, Name: 津南一套, Total: 5, Valid: 4, Valid Percent: 80.00%, Whitelist: 1, IPv4: 4, IPv6: 0, Min Delay: 14 ms, Max Speed: 18.08 M/s, Avg Speed: 15.68 M/s, Max Resolution: None
Category: 天津频道, Name: 天津都市, Total: 2, Valid: 0, Valid Percent: 0.00%, Whitelist: 2, IPv4: 0, IPv6: 0, Min Delay: -1 ms, Max Speed: 0.00 M/s, Avg Speed: 0.00 M/s, Max Resolution: None
Category: 天津频道, Name: 天津新闻, Total: 2, Valid: 0, Valid Percent: 0.00%, Whitelist: 2, IPv4: 0, IPv6: 0, Min Delay: -1 ms, Max Speed: 0.00 M/s, Avg Speed: 0.00 M/s, Max Resolution: None
Category: 天津频道, Name: 天津文艺, Total: 2, Valid: 0, Valid Percent: 0.00%, Whitelist: 2, IPv4: 0, IPv6: 0, Min Delay: -1 ms, Max Speed: 0.00 M/s, Avg Speed: 0.00 M/s, Max Resolution: None
Category: 天津频道, Name: 天津卫视, Total: 41, Valid: 9, Valid Percent: 21.95%, Whitelist: 6, IPv4: 9, IPv6: 26, Min Delay: 37 ms, Max Speed: 27.15 M/s, Avg Speed: 15.07 M/s, Max Resolution: None
Category: 四川频道, Name: 乐山新闻综合, Total: 7, Valid: 3, Valid Percent: 42.86%, Whitelist: 2, IPv4: 3, IPv6: 2, Min Delay: 97 ms, Max Speed: 17.40 M/s, Avg Speed: 17.40 M/s, Max Resolution: None
Category: 四川频道, Name: 乐至综合, Total: 2, Valid: 2, Valid Percent: 100.00%, Whitelist: 0, IPv4: 2, IPv6: 0, Min Delay: 2261 ms, Max Speed: 0.98 M/s, Avg Speed: 0.98 M/s, Max Resolution: None
Category: 四川频道, Name: 九寨沟新闻综合, Total: 1, Valid: 0, Valid Percent: 0.00%, Whitelist: 1, IPv4: 0, IPv6: 0, Min Delay: -1 ms, Max Speed: 0.00 M/s, Avg Speed: 0.00 M/s, Max Resolution: None
Category: 四川频道, Name: 井研综合, Total: 1, Valid: 1, Valid Percent: 100.00%, Whitelist: 0, IPv4: 1, IPv6: 0, Min Delay: 1975 ms, Max Speed: 0.13 M/s, Avg Speed: 0.13 M/s, Max Resolution: None
Category: 四川频道, Name: 仁寿综合, Total: 2, Valid: 2, Valid Percent: 100.00%, Whitelist: 0, IPv4: 2, IPv6: 0, Min Delay: 1049 ms, Max Speed: 0.05 M/s, Avg Speed: 0.05 M/s, Max Resolution: None
Category: 四川频道, Name: 凉山新闻综合, Total: 4, Valid: 0, Valid Percent: 0.00%, Whitelist: 4, IPv4: 0, IPv6: 0, Min Delay: -1 ms, Max Speed: 0.00 M/s, Avg Speed: 0.00 M/s, Max Resolution: None
Category: 四川频道, Name: 凉山语, Total: 2, Valid: 0, Valid Percent: 0.00%, Whitelist: 0, IPv4: 2, IPv6: 0, Min Delay: -1 ms, Max Speed: 0.00 M/s, Avg Speed: 0.00 M/s, Max Resolution: None
Category: 四川频道, Name: 前锋电视台, Total: 1, Valid: 0, Valid Percent: 0.00%, Whitelist: 1, IPv4: 0, IPv6: 0, Min Delay: -1 ms, Max Speed: 0.00 M/s, Avg Speed: 0.00 M/s, Max Resolution: None
Category: 四川频道, Name: 剑阁综合, Total: 2, Valid: 2, Valid Percent: 100.00%, Whitelist: 0, IPv4: 2, IPv6: 0, Min Delay: 10366 ms, Max Speed: 0.04 M/s, Avg Speed: 0.04 M/s, Max Resolution: None
Category: 四川频道, Name: 北川电视一套, Total: 1, Valid: 0, Valid Percent: 0.00%, Whitelist: 1, IPv4: 0, IPv6: 0, Min Delay: -1 ms, Max Speed: 0.00 M/s, Avg Speed: 0.00 M/s, Max Resolution: None
Category: 四川频道, Name: 叙州新闻综合, Total: 5, Valid: 0, Valid Percent: 0.00%, Whitelist: 0, IPv4: 0, IPv6: 5, Min Delay: -1 ms, Max Speed: 0.00 M/s, Avg Speed: 0.00 M/s, Max Resolution: None
Category: 四川频道, Name: 叙永综合, Total: 2, Valid: 2, Valid Percent: 100.00%, Whitelist: 0, IPv4: 2, IPv6: 0, Min Delay: 1934 ms, Max Speed: 0.64 M/s, Avg Speed: 0.64 M/s, Max Resolution: None
Category: 四川频道, Name: 名山综合, Total: 1, Valid: 1, Valid Percent: 100.00%, Whitelist: 0, IPv4: 1, IPv6: 0, Min Delay: 1934 ms, Max Speed: 0.64 M/s, Avg Speed: 0.64 M/s, Max Resolution: None
Category: 四川频道, Name: 四川科教, Total: 3, Valid: 0, Valid Percent: 0.00%, Whitelist: 0, IPv4: 0, IPv6: 3, Min Delay: -1 ms, Max Speed: 0.00 M/s, Avg Speed: 0.00 M/s, Max Resolution: None
Category: 四川频道, Name: 大竹新闻综合, Total: 1, Valid: 0, Valid Percent: 0.00%, Whitelist: 0, IPv4: 0, IPv6: 1, Min Delay: -1 ms, Max Speed: 0.00 M/s, Avg Speed: 0.00 M/s, Max Resolution: None
Category: 四川频道, Name: 夹江新闻综合, Total: 2, Valid: 0, Valid Percent: 0.00%, Whitelist: 1, IPv4: 1, IPv6: 0, Min Delay: -1 ms, Max Speed: 0.00 M/s, Avg Speed: 0.00 M/s, Max Resolution: None
Category: 四川频道, Name: 威远新闻综合, Total: 3, Valid: 2, Valid Percent: 66.67%, Whitelist: 1, IPv4: 2, IPv6: 0, Min Delay: 1611 ms, Max Speed: 0.18 M/s, Avg Speed: 0.18 M/s, Max Resolution: None
Category: 四川频道, Name: 宝兴综合, Total: 1, Valid: 1, Valid Percent: 100.00%, Whitelist: 0, IPv4: 1, IPv6: 0, Min Delay: 1934 ms, Max Speed: 0.64 M/s, Avg Speed: 0.64 M/s, Max Resolution: None
Category: 四川频道, Name: 小金综合, Total: 1, Valid: 0, Valid Percent: 0.00%, Whitelist: 0, IPv4: 1, IPv6: 0, Min Delay: -1 ms, Max Speed: 0.00 M/s, Avg Speed: 0.00 M/s, Max Resolution: None
Category: 四川频道, Name: 峨边电视台, Total: 2, Valid: 0, Valid Percent: 0.00%, Whitelist: 1, IPv4: 1, IPv6: 0, Min Delay: -1 ms, Max Speed: 0.00 M/s, Avg Speed: 0.00 M/s, Max Resolution: None
Category: 四川频道, Name: 平昌新闻综合, Total: 1, Valid: 0, Valid Percent: 0.00%, Whitelist: 0, IPv4: 0, IPv6: 1, Min Delay: -1 ms, Max Speed: 0.00 M/s, Avg Speed: 0.00 M/s, Max Resolution: None
Category: 四川频道, Name: 广元公共, Total: 1, Valid: 1, Valid Percent: 100.00%, Whitelist: 0, IPv4: 1, IPv6: 0, Min Delay: 10366 ms, Max Speed: 0.04 M/s, Avg Speed: 0.04 M/s, Max Resolution: None
Category: 四川频道, Name: 广元综合, Total: 3, Valid: 1, Valid Percent: 33.33%, Whitelist: 0, IPv4: 1, IPv6: 2, Min Delay: 10366 ms, Max Speed: 0.04 M/s, Avg Speed: 0.04 M/s, Max Resolution: None
Category: 四川频道, Name: 广安公共, Total: 2, Valid: 2, Valid Percent: 100.00%, Whitelist: 0, IPv4: 2, IPv6: 0, Min Delay: 565 ms, Max Speed: 0.00 M/s, Avg Speed: 0.00 M/s, Max Resolution: None
Category: 四川频道, Name: 康巴卫视, Total: 8, Valid: 0, Valid Percent: 0.00%, Whitelist: 6, IPv4: 0, IPv6: 2, Min Delay: -1 ms, Max Speed: 0.00 M/s, Avg Speed: 0.00 M/s, Max Resolution: None
Category: 四川频道, Name: 开江新闻综合, Total: 2, Valid: 2, Valid Percent: 100.00%, Whitelist: 0, IPv4: 2, IPv6: 0, Min Delay: 2903 ms, Max Speed: 0.40 M/s, Avg Speed: 0.40 M/s, Max Resolution: None
Category: 四川频道, Name: 德阳新闻综合, Total: 4, Valid: 0, Valid Percent: 0.00%, Whitelist: 1, IPv4: 0, IPv6: 3, Min Delay: -1 ms, Max Speed: 0.00 M/s, Avg Speed: 0.00 M/s, Max Resolution: None
Category: 四川频道, Name: 成都高新电视, Total: 4, Valid: 2, Valid Percent: 50.00%, Whitelist: 2, IPv4: 2, IPv6: 0, Min Delay: 2190 ms, Max Speed: 0.55 M/s, Avg Speed: 0.55 M/s, Max Resolution: None
Category: 四川频道, Name: 旺苍新闻综合, Total: 5, Valid: 1, Valid Percent: 20.00%, Whitelist: 1, IPv4: 1, IPv6: 3, Min Delay: 10366 ms, Max Speed: 0.04 M/s, Avg Speed: 0.04 M/s, Max Resolution: None
Category: 四川频道, Name: 朝天综合, Total: 1, Valid: 1, Valid Percent: 100.00%, Whitelist: 0, IPv4: 1, IPv6: 0, Min Delay: 10366 ms, Max Speed: 0.04 M/s, Avg Speed: 0.04 M/s, Max Resolution: None
Category: 四川频道, Name: 松潘新闻综合, Total: 3, Valid: 0, Valid Percent: 0.00%, Whitelist: 0, IPv4: 0, IPv6: 3, Min Delay: -1 ms, Max Speed: 0.00 M/s, Avg Speed: 0.00 M/s, Max Resolution: None
Category: 四川频道, Name: 梓潼新闻综合, Total: 1, Valid: 0, Valid Percent: 0.00%, Whitelist: 1, IPv4: 0, IPv6: 0, Min Delay: -1 ms, Max Speed: 0.00 M/s, Avg Speed: 0.00 M/s, Max Resolution: None
Category: 四川频道, Name: 汉源综合, Total: 2, Valid: 0, Valid Percent: 0.00%, Whitelist: 0, IPv4: 0, IPv6: 2, Min Delay: -1 ms, Max Speed: 0.00 M/s, Avg Speed: 0.00 M/s, Max Resolution: None
Category: 四川频道, Name: 江油新闻综合, Total: 1, Valid: 0, Valid Percent: 0.00%, Whitelist: 1, IPv4: 0, IPv6: 0, Min Delay: -1 ms, Max Speed: 0.00 M/s, Avg Speed: 0.00 M/s, Max Resolution: None
Category: 四川频道, Name: 汶川新闻综合, Total: 4, Valid: 0, Valid Percent: 0.00%, Whitelist: 0, IPv4: 0, IPv6: 4, Min Delay: -1 ms, Max Speed: 0.00 M/s, Avg Speed: 0.00 M/s, Max Resolution: None
Category: 四川频道, Name: 沐川综合, Total: 2, Valid: 0, Valid Percent: 0.00%, Whitelist: 0, IPv4: 0, IPv6: 2, Min Delay: -1 ms, Max Speed: 0.00 M/s, Avg Speed: 0.00 M/s, Max Resolution: None
Category: 四川频道, Name: 沙湾综合, Total: 1, Valid: 1, Valid Percent: 100.00%, Whitelist: 0, IPv4: 1, IPv6: 0, Min Delay: 770 ms, Max Speed: 0.52 M/s, Avg Speed: 0.52 M/s, Max Resolution: None
Category: 四川频道, Name: 泸县新闻综合, Total: 5, Valid: 0, Valid Percent: 0.00%, Whitelist: 1, IPv4: 0, IPv6: 4, Min Delay: -1 ms, Max Speed: 0.00 M/s, Avg Speed: 0.00 M/s, Max Resolution: None
Category: 四川频道, Name: 渠县新闻综合, Total: 2, Valid: 0, Valid Percent: 0.00%, Whitelist: 0, IPv4: 2, IPv6: 0, Min Delay: 225 ms, Max Speed: 0.00 M/s, Avg Speed: 0.00 M/s, Max Resolution: None
Category: 四川频道, Name: 甘孜综合, Total: 1, Valid: 0, Valid Percent: 0.00%, Whitelist: 0, IPv4: 0, IPv6: 1, Min Delay: -1 ms, Max Speed: 0.00 M/s, Avg Speed: 0.00 M/s, Max Resolution: None
Category: 四川频道, Name: 石棉综合, Total: 1, Valid: 0, Valid Percent: 0.00%, Whitelist: 0, IPv4: 0, IPv6: 1, Min Delay: -1 ms, Max Speed: 0.00 M/s, Avg Speed: 0.00 M/s, Max Resolution: None
Category: 四川频道, Name: 绵阳科技, Total: 1, Valid: 0, Valid Percent: 0.00%, Whitelist: 0, IPv4: 0, IPv6: 1, Min Delay: -1 ms, Max Speed: 0.00 M/s, Avg Speed: 0.00 M/s, Max Resolution: None
Category: 四川频道, Name: 荥经综合, Total: 2, Valid: 0, Valid Percent: 0.00%, Whitelist: 0, IPv4: 0, IPv6: 2, Min Delay: -1 ms, Max Speed: 0.00 M/s, Avg Speed: 0.00 M/s, Max Resolution: None
Category: 四川频道, Name: 营山电视台, Total: 4, Valid: 0, Valid Percent: 0.00%, Whitelist: 2, IPv4: 0, IPv6: 2, Min Delay: -1 ms, Max Speed: 0.00 M/s, Avg Speed: 0.00 M/s, Max Resolution: None
Category: 四川频道, Name: 蓬安新闻综合, Total: 5, Valid: 0, Valid Percent: 0.00%, Whitelist: 0, IPv4: 0, IPv6: 5, Min Delay: -1 ms, Max Speed: 0.00 M/s, Avg Speed: 0.00 M/s, Max Resolution: None
Category: 四川频道, Name: 蓬溪新闻综合, Total: 1, Valid: 0, Valid Percent: 0.00%, Whitelist: 1, IPv4: 0, IPv6: 0, Min Delay: -1 ms, Max Speed: 0.00 M/s, Avg Speed: 0.00 M/s, Max Resolution: None
Category: 四川频道, Name: 邻水新闻综合, Total: 2, Valid: 0, Valid Percent: 0.00%, Whitelist: 2, IPv4: 0, IPv6: 0, Min Delay: -1 ms, Max Speed: 0.00 M/s, Avg Speed: 0.00 M/s, Max Resolution: None
Category: 四川频道, Name: 金堂电视台, Total: 3, Valid: 0, Valid Percent: 0.00%, Whitelist: 3, IPv4: 0, IPv6: 0, Min Delay: -1 ms, Max Speed: 0.00 M/s, Avg Speed: 0.00 M/s, Max Resolution: None
Category: 四川频道, Name: 金川乡村, Total: 2, Valid: 2, Valid Percent: 100.00%, Whitelist: 0, IPv4: 2, IPv6: 0, Min Delay: 7824 ms, Max Speed: 0.29 M/s, Avg Speed: 0.29 M/s, Max Resolution: None
Category: 四川频道, Name: 金川新闻综合, Total: 9, Valid: 0, Valid Percent: 0.00%, Whitelist: 2, IPv4: 0, IPv6: 7, Min Delay: -1 ms, Max Speed: 0.00 M/s, Avg Speed: 0.00 M/s, Max Resolution: None
Category: 四川频道, Name: 长宁综合, Total: 1, Valid: 1, Valid Percent: 100.00%, Whitelist: 0, IPv4: 1, IPv6: 0, Min Delay: 7824 ms, Max Speed: 0.29 M/s, Avg Speed: 0.29 M/s, Max Resolution: None
Category: 四川频道, Name: 隆昌新闻综合, Total: 1, Valid: 0, Valid Percent: 0.00%, Whitelist: 1, IPv4: 0, IPv6: 0, Min Delay: -1 ms, Max Speed: 0.00 M/s, Avg Speed: 0.00 M/s, Max Resolution: None
Category: 四川频道, Name: 雅安新闻综合, Total: 2, Valid: 1, Valid Percent: 50.00%, Whitelist: 1, IPv4: 1, IPv6: 0, Min Delay: 2030 ms, Max Speed: 0.67 M/s, Avg Speed: 0.67 M/s, Max Resolution: None
Category: 四川频道, Name: 雅安雨城, Total: 1, Valid: 1, Valid Percent: 100.00%, Whitelist: 0, IPv4: 1, IPv6: 0, Min Delay: 7824 ms, Max Speed: 0.29 M/s, Avg Speed: 0.29 M/s, Max Resolution: None
Category: 四川频道, Name: 青川综合, Total: 2, Valid: 2, Valid Percent: 100.00%, Whitelist: 0, IPv4: 2, IPv6: 0, Min Delay: 4665 ms, Max Speed: 0.94 M/s, Avg Speed: 0.94 M/s, Max Resolution: None
Category: 四川频道, Name: 马尔康综合, Total: 1, Valid: 0, Valid Percent: 0.00%, Whitelist: 0, IPv4: 1, IPv6: 0, Min Delay: -1 ms, Max Speed: 0.00 M/s, Avg Speed: 0.00 M/s, Max Resolution: None
Category: 四川频道, Name: 龙泉驿新闻综合, Total: 2, Valid: 0, Valid Percent: 0.00%, Whitelist: 2, IPv4: 0, IPv6: 0, Min Delay: -1 ms, Max Speed: 0.00 M/s, Avg Speed: 0.00 M/s, Max Resolution: None
Category: 陕西频道, Name: 陕西新闻资讯, Total: 31, Valid: 3, Valid Percent: 9.68%, Whitelist: 4, IPv4: 3, IPv6: 24, Min Delay: 37 ms, Max Speed: 27.15 M/s, Avg Speed: 18.36 M/s, Max Resolution: None
Category: 陕西频道, Name: 陕西都市青春, Total: 30, Valid: 2, Valid Percent: 6.67%, Whitelist: 4, IPv4: 2, IPv6: 24, Min Delay: 37 ms, Max Speed: 27.15 M/s, Avg Speed: 27.15 M/s, Max Resolution: None
Category: 陕西频道, Name: 陕西公共, Total: 1, Valid: 0, Valid Percent: 0.00%, Whitelist: 0, IPv4: 0, IPv6: 1, Min Delay: -1 ms, Max Speed: 0.00 M/s, Avg Speed: 0.00 M/s, Max Resolution: None
Category: 陕西频道, Name: 陕西体育休闲, Total: 13, Valid: 3, Valid Percent: 23.08%, Whitelist: 4, IPv4: 3, IPv6: 6, Min Delay: 37 ms, Max Speed: 27.15 M/s, Avg Speed: 18.36 M/s, Max Resolution: None
Category: 福建频道, Name: 三明新闻综合, Total: 5, Valid: 0, Valid Percent: 0.00%, Whitelist: 3, IPv4: 0, IPv6: 2, Min Delay: -1 ms, Max Speed: 0.00 M/s, Avg Speed: 0.00 M/s, Max Resolution: None
Category: 福建频道, Name: 云霄综合, Total: 4, Valid: 0, Valid Percent: 0.00%, Whitelist: 0, IPv4: 0, IPv6: 4, Min Delay: -1 ms, Max Speed: 0.00 M/s, Avg Speed: 0.00 M/s, Max Resolution: None
Category: 福建频道, Name: 厦门卫视, Total: 6, Valid: 2, Valid Percent: 33.33%, Whitelist: 3, IPv4: 2, IPv6: 1, Min Delay: 156 ms, Max Speed: 12.69 M/s, Avg Speed: 6.94 M/s, Max Resolution: None
Category: 福建频道, Name: 德化新闻综合, Total: 3, Valid: 2, Valid Percent: 66.67%, Whitelist: 1, IPv4: 2, IPv6: 0, Min Delay: 10491 ms, Max Speed: 0.24 M/s, Avg Speed: 0.24 M/s, Max Resolution: None
Category: 福建频道, Name: 晋江电视台, Total: 2, Valid: 0, Valid Percent: 0.00%, Whitelist: 2, IPv4: 0, IPv6: 0, Min Delay: -1 ms, Max Speed: 0.00 M/s, Avg Speed: 0.00 M/s, Max Resolution: None
Category: 福建频道, Name: 漳州新闻综合, Total: 6, Valid: 0, Valid Percent: 0.00%, Whitelist: 3, IPv4: 0, IPv6: 3, Min Delay: -1 ms, Max Speed: 0.00 M/s, Avg Speed: 0.00 M/s, Max Resolution: None
Category: 福建频道, Name: 漳浦综合, Total: 4, Valid: 0, Valid Percent: 0.00%, Whitelist: 4, IPv4: 0, IPv6: 0, Min Delay: -1 ms, Max Speed: 0.00 M/s, Avg Speed: 0.00 M/s, Max Resolution: None
Category: 福建频道, Name: 石狮综合, Total: 1, Valid: 0, Valid Percent: 0.00%, Whitelist: 1, IPv4: 0, IPv6: 0, Min Delay: -1 ms, Max Speed: 0.00 M/s, Avg Speed: 0.00 M/s, Max Resolution: None
Category: 福建频道, Name: 福州少儿, Total: 1, Valid: 0, Valid Percent: 0.00%, Whitelist: 0, IPv4: 0, IPv6: 1, Min Delay: -1 ms, Max Speed: 0.00 M/s, Avg Speed: 0.00 M/s, Max Resolution: None
Category: 福建频道, Name: 龙岩新闻综合, Total: 1, Valid: 0, Valid Percent: 0.00%, Whitelist: 1, IPv4: 0, IPv6: 0, Min Delay: -1 ms, Max Speed: 0.00 M/s, Avg Speed: 0.00 M/s, Max Resolution: None
Category: 福建频道, Name: 福建文体, Total: 3, Valid: 0, Valid Percent: 0.00%, Whitelist: 3, IPv4: 0, IPv6: 0, Min Delay: -1 ms, Max Speed: 0.00 M/s, Avg Speed: 0.00 M/s, Max Resolution: None
Category: 福建频道, Name: 福建新闻, Total: 10, Valid: 1, Valid Percent: 10.00%, Whitelist: 3, IPv4: 1, IPv6: 6, Min Delay: 11 ms, Max Speed: 8.29 M/s, Avg Speed: 8.29 M/s, Max Resolution: None
Category: 福建频道, Name: 福建电视剧, Total: 9, Valid: 0, Valid Percent: 0.00%, Whitelist: 3, IPv4: 0, IPv6: 6, Min Delay: -1 ms, Max Speed: 0.00 M/s, Avg Speed: 0.00 M/s, Max Resolution: None
Category: 福建频道, Name: 福建经济, Total: 9, Valid: 1, Valid Percent: 11.11%, Whitelist: 3, IPv4: 1, IPv6: 5, Min Delay: 11 ms, Max Speed: 8.29 M/s, Avg Speed: 8.29 M/s, Max Resolution: None
Category: 福建频道, Name: 福建综合, Total: 9, Valid: 0, Valid Percent: 0.00%, Whitelist: 3, IPv4: 0, IPv6: 6, Min Delay: -1 ms, Max Speed: 0.00 M/s, Avg Speed: 0.00 M/s, Max Resolution: None
Category: 福建频道, Name: 福建公共, Total: 4, Valid: 3, Valid Percent: 75.00%, Whitelist: 0, IPv4: 3, IPv6: 1, Min Delay: 960 ms, Max Speed: 1.17 M/s, Avg Speed: 0.75 M/s, Max Resolution: None
Category: 福建频道, Name: 福建旅游, Total: 9, Valid: 3, Valid Percent: 33.33%, Whitelist: 3, IPv4: 3, IPv6: 3, Min Delay: 960 ms, Max Speed: 1.17 M/s, Avg Speed: 0.75 M/s, Max Resolution: None
Category: 福建频道, Name: 福建经视, Total: 9, Valid: 1, Valid Percent: 11.11%, Whitelist: 3, IPv4: 1, IPv6: 5, Min Delay: 11 ms, Max Speed: 8.29 M/s, Avg Speed: 8.29 M/s, Max Resolution: None
Category: 福建频道, Name: 福建体育, Total: 3, Valid: 0, Valid Percent: 0.00%, Whitelist: 3, IPv4: 0, IPv6: 0, Min Delay: -1 ms, Max Speed: 0.00 M/s, Avg Speed: 0.00 M/s, Max Resolution: None
Category: 福建频道, Name: 福建少儿, Total: 10, Valid: 1, Valid Percent: 10.00%, Whitelist: 3, IPv4: 1, IPv6: 6, Min Delay: 960 ms, Max Speed: 0.53 M/s, Avg Speed: 0.53 M/s, Max Resolution: None
Category: 海南频道, Name: 海南新闻, Total: 64, Valid: 2, Valid Percent: 3.12%, Whitelist: 2, IPv4: 2, IPv6: 60, Min Delay: 11 ms, Max Speed: 8.29 M/s, Avg Speed: 4.74 M/s, Max Resolution: None
Category: 海南频道, Name: 海南自贸, Total: 60, Valid: 1, Valid Percent: 1.67%, Whitelist: 1, IPv4: 1, IPv6: 58, Min Delay: 2081 ms, Max Speed: 1.19 M/s, Avg Speed: 1.19 M/s, Max Resolution: None
Category: 海南频道, Name: 海南文旅, Total: 66, Valid: 1, Valid Percent: 1.52%, Whitelist: 1, IPv4: 1, IPv6: 64, Min Delay: 2081 ms, Max Speed: 1.19 M/s, Avg Speed: 1.19 M/s, Max Resolution: None
Category: 海南频道, Name: 海南少儿, Total: 60, Valid: 1, Valid Percent: 1.67%, Whitelist: 1, IPv4: 1, IPv6: 58, Min Delay: 2081 ms, Max Speed: 1.19 M/s, Avg Speed: 1.19 M/s, Max Resolution: None
Category: 海南频道, Name: 海南公共, Total: 66, Valid: 1, Valid Percent: 1.52%, Whitelist: 1, IPv4: 1, IPv6: 64, Min Delay: 2081 ms, Max Speed: 1.19 M/s, Avg Speed: 1.19 M/s, Max Resolution: None
Category: 河南频道, Name: 梨园, Total: 3, Valid: 3, Valid Percent: 100.00%, Whitelist: 0, IPv4: 3, IPv6: 0, Min Delay: 960 ms, Max Speed: 0.80 M/s, Avg Speed: 0.71 M/s, Max Resolution: None
Category: 河南频道, Name: 临颍综合, Total: 1, Valid: 0, Valid Percent: 0.00%, Whitelist: 0, IPv4: 0, IPv6: 1, Min Delay: -1 ms, Max Speed: 0.00 M/s, Avg Speed: 0.00 M/s, Max Resolution: None
Category: 河南频道, Name: 义马新闻综合, Total: 3, Valid: 0, Valid Percent: 0.00%, Whitelist: 1, IPv4: 0, IPv6: 2, Min Delay: -1 ms, Max Speed: 0.00 M/s, Avg Speed: 0.00 M/s, Max Resolution: None
Category: 河南频道, Name: 光山综合, Total: 2, Valid: 0, Valid Percent: 0.00%, Whitelist: 0, IPv4: 0, IPv6: 2, Min Delay: -1 ms, Max Speed: 0.00 M/s, Avg Speed: 0.00 M/s, Max Resolution: None
Category: 河南频道, Name: 兰考新闻, Total: 3, Valid: 0, Valid Percent: 0.00%, Whitelist: 0, IPv4: 0, IPv6: 3, Min Delay: -1 ms, Max Speed: 0.00 M/s, Avg Speed: 0.00 M/s, Max Resolution: None
Category: 河南频道, Name: 卫辉综合, Total: 4, Valid: 0, Valid Percent: 0.00%, Whitelist: 0, IPv4: 0, IPv6: 4, Min Delay: -1 ms, Max Speed: 0.00 M/s, Avg Speed: 0.00 M/s, Max Resolution: None
Category: 河南频道, Name: 叶县, Total: 2, Valid: 0, Valid Percent: 0.00%, Whitelist: 0, IPv4: 0, IPv6: 2, Min Delay: -1 ms, Max Speed: 0.00 M/s, Avg Speed: 0.00 M/s, Max Resolution: None
Category: 河南频道, Name: 周口扶沟, Total: 2, Valid: 2, Valid Percent: 100.00%, Whitelist: 0, IPv4: 2, IPv6: 0, Min Delay: 10656 ms, Max Speed: 0.04 M/s, Avg Speed: 0.04 M/s, Max Resolution: None
Category: 河南频道, Name: 唐河一套, Total: 4, Valid: 1, Valid Percent: 25.00%, Whitelist: 0, IPv4: 1, IPv6: 3, Min Delay: 10656 ms, Max Speed: 0.04 M/s, Avg Speed: 0.04 M/s, Max Resolution: None
Category: 河南频道, Name: 固始综合, Total: 4, Valid: 2, Valid Percent: 50.00%, Whitelist: 0, IPv4: 2, IPv6: 2, Min Delay: 10656 ms, Max Speed: 0.04 M/s, Avg Speed: 0.04 M/s, Max Resolution: None
Category: 河南频道, Name: 宝丰综合, Total: 5, Valid: 2, Valid Percent: 40.00%, Whitelist: 0, IPv4: 2, IPv6: 3, Min Delay: 10656 ms, Max Speed: 0.04 M/s, Avg Speed: 0.04 M/s, Max Resolution: None
Category: 河南频道, Name: 巩义新闻综合, Total: 4, Valid: 1, Valid Percent: 25.00%, Whitelist: 0, IPv4: 1, IPv6: 3, Min Delay: 10656 ms, Max Speed: 0.04 M/s, Avg Speed: 0.04 M/s, Max Resolution: None
Category: 河南频道, Name: 扶沟综合, Total: 4, Valid: 1, Valid Percent: 25.00%, Whitelist: 0, IPv4: 1, IPv6: 3, Min Delay: 10656 ms, Max Speed: 0.04 M/s, Avg Speed: 0.04 M/s, Max Resolution: None
Category: 河南频道, Name: 新乡县电视台, Total: 3, Valid: 1, Valid Percent: 33.33%, Whitelist: 0, IPv4: 1, IPv6: 2, Min Delay: 10656 ms, Max Speed: 0.04 M/s, Avg Speed: 0.04 M/s, Max Resolution: None
Category: 河南频道, Name: 新县综合, Total: 4, Valid: 2, Valid Percent: 50.00%, Whitelist: 0, IPv4: 2, IPv6: 2, Min Delay: 10656 ms, Max Speed: 0.04 M/s, Avg Speed: 0.04 M/s, Max Resolution: None
Category: 河南频道, Name: 新蔡综合, Total: 5, Valid: 2, Valid Percent: 40.00%, Whitelist: 0, IPv4: 2, IPv6: 3, Min Delay: 10656 ms, Max Speed: 0.04 M/s, Avg Speed: 0.04 M/s, Max Resolution: None
Category: 河南频道, Name: 桐柏新闻综合, Total: 2, Valid: 1, Valid Percent: 50.00%, Whitelist: 0, IPv4: 1, IPv6: 1, Min Delay: 10656 ms, Max Speed: 0.04 M/s, Avg Speed: 0.04 M/s, Max Resolution: None
Category: 河南频道, Name: 泌阳新闻综合, Total: 5, Valid: 2, Valid Percent: 40.00%, Whitelist: 0, IPv4: 2, IPv6: 3, Min Delay: 10656 ms, Max Speed: 0.04 M/s, Avg Speed: 0.04 M/s, Max Resolution: None
Category: 河南频道, Name: 淅川电视, Total: 2, Valid: 1, Valid Percent: 50.00%, Whitelist: 0, IPv4: 1, IPv6: 1, Min Delay: 10656 ms, Max Speed: 0.04 M/s, Avg Speed: 0.04 M/s, Max Resolution: None
Category: 河南频道, Name: 渑池新闻综合, Total: 4, Valid: 2, Valid Percent: 50.00%, Whitelist: 0, IPv4: 2, IPv6: 2, Min Delay: 10656 ms, Max Speed: 0.04 M/s, Avg Speed: 0.04 M/s, Max Resolution: None
Category: 河南频道, Name: 温县综合, Total: 5, Valid: 2, Valid Percent: 40.00%, Whitelist: 0, IPv4: 2, IPv6: 3, Min Delay: 10656 ms, Max Speed: 0.04 M/s, Avg Speed: 0.04 M/s, Max Resolution: None
Category: 河南频道, Name: 潢川综合, Total: 4, Valid: 2, Valid Percent: 50.00%, Whitelist: 0, IPv4: 2, IPv6: 2, Min Delay: 10656 ms, Max Speed: 0.04 M/s, Avg Speed: 0.04 M/s, Max Resolution: None
Category: 河南频道, Name: 焦作综合, Total: 1, Valid: 0, Valid Percent: 0.00%, Whitelist: 0, IPv4: 0, IPv6: 1, Min Delay: -1 ms, Max Speed: 0.00 M/s, Avg Speed: 0.00 M/s, Max Resolution: None
Category: 河南频道, Name: 登封综合, Total: 5, Valid: 2, Valid Percent: 40.00%, Whitelist: 0, IPv4: 2, IPv6: 3, Min Delay: 10656 ms, Max Speed: 0.04 M/s, Avg Speed: 0.04 M/s, Max Resolution: None
Category: 河南频道, Name: 禹州综合, Total: 4, Valid: 2, Valid Percent: 50.00%, Whitelist: 0, IPv4: 2, IPv6: 2, Min Delay: 10656 ms, Max Speed: 0.04 M/s, Avg Speed: 0.04 M/s, Max Resolution: None
Category: 河南频道, Name: 西华综合, Total: 5, Valid: 2, Valid Percent: 40.00%, Whitelist: 0, IPv4: 2, IPv6: 3, Min Delay: 10656 ms, Max Speed: 0.04 M/s, Avg Speed: 0.04 M/s, Max Resolution: None
Category: 河南频道, Name: 郏县综合, Total: 5, Valid: 2, Valid Percent: 40.00%, Whitelist: 0, IPv4: 2, IPv6: 3, Min Delay: 10656 ms, Max Speed: 0.04 M/s, Avg Speed: 0.04 M/s, Max Resolution: None
Category: 河南频道, Name: 郸城新闻综合, Total: 8, Valid: 2, Valid Percent: 25.00%, Whitelist: 1, IPv4: 2, IPv6: 5, Min Delay: 10656 ms, Max Speed: 0.04 M/s, Avg Speed: 0.04 M/s, Max Resolution: None
Category: 河南频道, Name: 鄢陵综合, Total: 4, Valid: 2, Valid Percent: 50.00%, Whitelist: 0, IPv4: 2, IPv6: 2, Min Delay: 10656 ms, Max Speed: 0.04 M/s, Avg Speed: 0.04 M/s, Max Resolution: None
Category: 河南频道, Name: 项城新闻, Total: 6, Valid: 3, Valid Percent: 50.00%, Whitelist: 1, IPv4: 3, IPv6: 2, Min Delay: 10656 ms, Max Speed: 0.04 M/s, Avg Speed: 0.04 M/s, Max Resolution: None
Category: 河南频道, Name: 鹤壁综合, Total: 1, Valid: 0, Valid Percent: 0.00%, Whitelist: 0, IPv4: 0, IPv6: 1, Min Delay: -1 ms, Max Speed: 0.00 M/s, Avg Speed: 0.00 M/s, Max Resolution: None
Category: 河南频道, Name: 邓州新闻, Total: 4, Valid: 2, Valid Percent: 50.00%, Whitelist: 0, IPv4: 2, IPv6: 2, Min Delay: 10656 ms, Max Speed: 0.04 M/s, Avg Speed: 0.04 M/s, Max Resolution: None
Category: 河南频道, Name: 许昌公共, Total: 1, Valid: 0, Valid Percent: 0.00%, Whitelist: 0, IPv4: 0, IPv6: 1, Min Delay: -1 ms, Max Speed: 0.00 M/s, Avg Speed: 0.00 M/s, Max Resolution: None
Category: 河南频道, Name: 荥阳综合, Total: 4, Valid: 1, Valid Percent: 25.00%, Whitelist: 0, IPv4: 1, IPv6: 3, Min Delay: 10656 ms, Max Speed: 0.04 M/s, Avg Speed: 0.04 M/s, Max Resolution: None
Category: 河南频道, Name: 焦作教育, Total: 1, Valid: 0, Valid Percent: 0.00%, Whitelist: 0, IPv4: 0, IPv6: 1, Min Delay: -1 ms, Max Speed: 0.00 M/s, Avg Speed: 0.00 M/s, Max Resolution: None
Category: 河南频道, Name: 焦作公共, Total: 1, Valid: 0, Valid Percent: 0.00%, Whitelist: 0, IPv4: 0, IPv6: 1, Min Delay: -1 ms, Max Speed: 0.00 M/s, Avg Speed: 0.00 M/s, Max Resolution: None
Category: 河南频道, Name: 灵宝新闻综合, Total: 4, Valid: 2, Valid Percent: 50.00%, Whitelist: 0, IPv4: 2, IPv6: 2, Min Delay: 10656 ms, Max Speed: 0.04 M/s, Avg Speed: 0.04 M/s, Max Resolution: None
Category: 河南频道, Name: 濮阳公共, Total: 1, Valid: 0, Valid Percent: 0.00%, Whitelist: 0, IPv4: 0, IPv6: 1, Min Delay: -1 ms, Max Speed: 0.00 M/s, Avg Speed: 0.00 M/s, Max Resolution: None
Category: 河南频道, Name: 滑县新闻, Total: 4, Valid: 2, Valid Percent: 50.00%, Whitelist: 0, IPv4: 2, IPv6: 2, Min Delay: 10656 ms, Max Speed: 0.04 M/s, Avg Speed: 0.04 M/s, Max Resolution: None
Category: 河南频道, Name: 济源电视一套, Total: 6, Valid: 1, Valid Percent: 16.67%, Whitelist: 3, IPv4: 1, IPv6: 2, Min Delay: 10656 ms, Max Speed: 0.04 M/s, Avg Speed: 0.04 M/s, Max Resolution: None
Category: 河南频道, Name: 洛阳综合, Total: 2, Valid: 0, Valid Percent: 0.00%, Whitelist: 0, IPv4: 0, IPv6: 2, Min Delay: -1 ms, Max Speed: 0.00 M/s, Avg Speed: 0.00 M/s, Max Resolution: None
Category: 河南频道, Name: 洛阳科教, Total: 2, Valid: 0, Valid Percent: 0.00%, Whitelist: 0, IPv4: 0, IPv6: 2, Min Delay: -1 ms, Max Speed: 0.00 M/s, Avg Speed: 0.00 M/s, Max Resolution: None
Category: 河南频道, Name: 洛阳文旅, Total: 2, Valid: 0, Valid Percent: 0.00%, Whitelist: 0, IPv4: 0, IPv6: 2, Min Delay: -1 ms, Max Speed: 0.00 M/s, Avg Speed: 0.00 M/s, Max Resolution: None
Category: 河南频道, Name: 河南都市, Total: 69, Valid: 1, Valid Percent: 1.45%, Whitelist: 2, IPv4: 1, IPv6: 66, Min Delay: 20 ms, Max Speed: 31.37 M/s, Avg Speed: 31.37 M/s, Max Resolution: None
Category: 河南频道, Name: 河南民生, Total: 67, Valid: 0, Valid Percent: 0.00%, Whitelist: 2, IPv4: 0, IPv6: 65, Min Delay: -1 ms, Max Speed: 0.00 M/s, Avg Speed: 0.00 M/s, Max Resolution: None
Category: 河南频道, Name: 沁阳新闻综合, Total: 4, Valid: 2, Valid Percent: 50.00%, Whitelist: 0, IPv4: 2, IPv6: 2, Min Delay: 10656 ms, Max Speed: 0.04 M/s, Avg Speed: 0.04 M/s, Max Resolution: None
Category: 河南频道, Name: 永城综合, Total: 2, Valid: 1, Valid Percent: 50.00%, Whitelist: 0, IPv4: 1, IPv6: 1, Min Delay: 10656 ms, Max Speed: 0.04 M/s, Avg Speed: 0.04 M/s, Max Resolution: None
Category: 河南频道, Name: 方城一套, Total: 5, Valid: 1, Valid Percent: 20.00%, Whitelist: 2, IPv4: 1, IPv6: 2, Min Delay: 10656 ms, Max Speed: 0.04 M/s, Avg Speed: 0.04 M/s, Max Resolution: None
Category: 河南频道, Name: 新野综合, Total: 4, Valid: 1, Valid Percent: 25.00%, Whitelist: 0, IPv4: 1, IPv6: 3, Min Delay: 10656 ms, Max Speed: 0.04 M/s, Avg Speed: 0.04 M/s, Max Resolution: None
Category: 河南频道, Name: 新安新闻综合, Total: 4, Valid: 1, Valid Percent: 25.00%, Whitelist: 0, IPv4: 1, IPv6: 3, Min Delay: 10656 ms, Max Speed: 0.04 M/s, Avg Speed: 0.04 M/s, Max Resolution: None
Category: 河南频道, Name: 开封新闻综合, Total: 6, Valid: 2, Valid Percent: 33.33%, Whitelist: 1, IPv4: 2, IPv6: 3, Min Delay: 10656 ms, Max Speed: 0.04 M/s, Avg Speed: 0.04 M/s, Max Resolution: None
Category: 河南频道, Name: 开封文化旅游, Total: 4, Valid: 1, Valid Percent: 25.00%, Whitelist: 0, IPv4: 1, IPv6: 3, Min Delay: 10656 ms, Max Speed: 0.04 M/s, Avg Speed: 0.04 M/s, Max Resolution: None
Category: 河南频道, Name: 嵩县综合新闻, Total: 5, Valid: 2, Valid Percent: 40.00%, Whitelist: 0, IPv4: 2, IPv6: 3, Min Delay: 10656 ms, Max Speed: 0.04 M/s, Avg Speed: 0.04 M/s, Max Resolution: None
Category: 河南频道, Name: 宜阳综合, Total: 6, Valid: 2, Valid Percent: 33.33%, Whitelist: 0, IPv4: 2, IPv6: 4, Min Delay: 10656 ms, Max Speed: 0.04 M/s, Avg Speed: 0.04 M/s, Max Resolution: None
Category: 河南频道, Name: 周口新闻综合, Total: 5, Valid: 0, Valid Percent: 0.00%, Whitelist: 3, IPv4: 0, IPv6: 2, Min Delay: -1 ms, Max Speed: 0.00 M/s, Avg Speed: 0.00 M/s, Max Resolution: None
Category: 河南频道, Name: 内黄综合, Total: 5, Valid: 2, Valid Percent: 40.00%, Whitelist: 0, IPv4: 2, IPv6: 3, Min Delay: 10656 ms, Max Speed: 0.04 M/s, Avg Speed: 0.04 M/s, Max Resolution: None
Category: 河南频道, Name: 内乡综合, Total: 4, Valid: 2, Valid Percent: 50.00%, Whitelist: 0, IPv4: 2, IPv6: 2, Min Delay: 10656 ms, Max Speed: 0.04 M/s, Avg Speed: 0.04 M/s, Max Resolution: None
Category: 河南频道, Name: 偃师新闻, Total: 4, Valid: 2, Valid Percent: 50.00%, Whitelist: 0, IPv4: 2, IPv6: 2, Min Delay: 10656 ms, Max Speed: 0.04 M/s, Avg Speed: 0.04 M/s, Max Resolution: None
Category: 河北频道, Name: 鹿泉一套, Total: 1, Valid: 0, Valid Percent: 0.00%, Whitelist: 0, IPv4: 0, IPv6: 1, Min Delay: -1 ms, Max Speed: 0.00 M/s, Avg Speed: 0.00 M/s, Max Resolution: None
Category: 河北频道, Name: 邯郸科技教育, Total: 4, Valid: 0, Valid Percent: 0.00%, Whitelist: 2, IPv4: 0, IPv6: 2, Min Delay: -1 ms, Max Speed: 0.00 M/s, Avg Speed: 0.00 M/s, Max Resolution: None
Category: 河北频道, Name: 邯郸公共, Total: 1, Valid: 0, Valid Percent: 0.00%, Whitelist: 0, IPv4: 0, IPv6: 1, Min Delay: -1 ms, Max Speed: 0.00 M/s, Avg Speed: 0.00 M/s, Max Resolution: None
Category: 河北频道, Name: 邯郸新闻, Total: 1, Valid: 0, Valid Percent: 0.00%, Whitelist: 0, IPv4: 0, IPv6: 1, Min Delay: -1 ms, Max Speed: 0.00 M/s, Avg Speed: 0.00 M/s, Max Resolution: None
Category: 河北频道, Name: 邯郸科教, Total: 1, Valid: 0, Valid Percent: 0.00%, Whitelist: 0, IPv4: 0, IPv6: 1, Min Delay: -1 ms, Max Speed: 0.00 M/s, Avg Speed: 0.00 M/s, Max Resolution: None
Category: 河北频道, Name: 邢台综合, Total: 12, Valid: 0, Valid Percent: 0.00%, Whitelist: 0, IPv4: 0, IPv6: 12, Min Delay: -1 ms, Max Speed: 0.00 M/s, Avg Speed: 0.00 M/s, Max Resolution: None
Category: 河北频道, Name: 衡水公共, Total: 2, Valid: 1, Valid Percent: 50.00%, Whitelist: 0, IPv4: 1, IPv6: 1, Min Delay: 2126 ms, Max Speed: 1.17 M/s, Avg Speed: 1.17 M/s, Max Resolution: None
Category: 河北频道, Name: 石家庄都市, Total: 6, Valid: 0, Valid Percent: 0.00%, Whitelist: 2, IPv4: 0, IPv6: 4, Min Delay: -1 ms, Max Speed: 0.00 M/s, Avg Speed: 0.00 M/s, Max Resolution: None
Category: 河北频道, Name: 石家庄生活, Total: 4, Valid: 0, Valid Percent: 0.00%, Whitelist: 0, IPv4: 0, IPv6: 4, Min Delay: -1 ms, Max Speed: 0.00 M/s, Avg Speed: 0.00 M/s, Max Resolution: None
Category: 河北频道, Name: 石家庄新闻综合, Total: 10, Valid: 1, Valid Percent: 10.00%, Whitelist: 4, IPv4: 1, IPv6: 5, Min Delay: 2081 ms, Max Speed: 1.19 M/s, Avg Speed: 1.19 M/s, Max Resolution: None
Category: 河北频道, Name: 石家庄娱乐, Total: 5, Valid: 0, Valid Percent: 0.00%, Whitelist: 0, IPv4: 0, IPv6: 5, Min Delay: -1 ms, Max Speed: 0.00 M/s, Avg Speed: 0.00 M/s, Max Resolution: None
Category: 河北频道, Name: 滦平新闻, Total: 1, Valid: 0, Valid Percent: 0.00%, Whitelist: 0, IPv4: 0, IPv6: 1, Min Delay: -1 ms, Max Speed: 0.00 M/s, Avg Speed: 0.00 M/s, Max Resolution: None
Category: 河北频道, Name: 河北都市, Total: 8, Valid: 4, Valid Percent: 50.00%, Whitelist: 1, IPv4: 4, IPv6: 3, Min Delay: 20 ms, Max Speed: 31.37 M/s, Avg Speed: 7.89 M/s, Max Resolution: None
Category: 河北频道, Name: 河北农民, Total: 10, Valid: 2, Valid Percent: 20.00%, Whitelist: 1, IPv4: 2, IPv6: 7, Min Delay: 20 ms, Max Speed: 31.37 M/s, Avg Speed: 15.69 M/s, Max Resolution: None
Category: 河北频道, Name: 昌黎综合, Total: 2, Valid: 0, Valid Percent: 0.00%, Whitelist: 0, IPv4: 0, IPv6: 2, Min Delay: -1 ms, Max Speed: 0.00 M/s, Avg Speed: 0.00 M/s, Max Resolution: None
Category: 河北频道, Name: 任丘文娱, Total: 3, Valid: 0, Valid Percent: 0.00%, Whitelist: 1, IPv4: 0, IPv6: 2, Min Delay: -1 ms, Max Speed: 0.00 M/s, Avg Speed: 0.00 M/s, Max Resolution: None
Category: 河北频道, Name: 任丘综合, Total: 3, Valid: 0, Valid Percent: 0.00%, Whitelist: 1, IPv4: 0, IPv6: 2, Min Delay: -1 ms, Max Speed: 0.00 M/s, Avg Speed: 0.00 M/s, Max Resolution: None
Category: 河北频道, Name: 兴隆综合, Total: 2, Valid: 0, Valid Percent: 0.00%, Whitelist: 0, IPv4: 0, IPv6: 2, Min Delay: -1 ms, Max Speed: 0.00 M/s, Avg Speed: 0.00 M/s, Max Resolution: None
Category: 河北频道, Name: 平泉影视, Total: 1, Valid: 0, Valid Percent: 0.00%, Whitelist: 0, IPv4: 0, IPv6: 1, Min Delay: -1 ms, Max Speed: 0.00 M/s, Avg Speed: 0.00 M/s, Max Resolution: None
Category: 河北频道, Name: 平泉综合, Total: 2, Valid: 1, Valid Percent: 50.00%, Whitelist: 0, IPv4: 1, IPv6: 1, Min Delay: 2126 ms, Max Speed: 1.17 M/s, Avg Speed: 1.17 M/s, Max Resolution: None
Category: 河北频道, Name: 清河新闻综合, Total: 4, Valid: 0, Valid Percent: 0.00%, Whitelist: 2, IPv4: 0, IPv6: 2, Min Delay: -1 ms, Max Speed: 0.00 M/s, Avg Speed: 0.00 M/s, Max Resolution: None
Category: 河北频道, Name: 清河经济综艺, Total: 4, Valid: 0, Valid Percent: 0.00%, Whitelist: 2, IPv4: 0, IPv6: 2, Min Delay: -1 ms, Max Speed: 0.00 M/s, Avg Speed: 0.00 M/s, Max Resolution: None
Category: 贵州频道, Name: 安顺新闻, Total: 2, Valid: 0, Valid Percent: 0.00%, Whitelist: 0, IPv4: 0, IPv6: 2, Min Delay: -1 ms, Max Speed: 0.00 M/s, Avg Speed: 0.00 M/s, Max Resolution: None
Category: 贵州频道, Name: 贵州移动电视, Total: 2, Valid: 1, Valid Percent: 50.00%, Whitelist: 1, IPv4: 1, IPv6: 0, Min Delay: 2126 ms, Max Speed: 1.17 M/s, Avg Speed: 1.17 M/s, Max Resolution: None
Category: 甘肃频道, Name: 甘肃经济, Total: 2, Valid: 1, Valid Percent: 50.00%, Whitelist: 0, IPv4: 1, IPv6: 1, Min Delay: 13 ms, Max Speed: 8.54 M/s, Avg Speed: 8.54 M/s, Max Resolution: None
Category: 甘肃频道, Name: 甘肃都市, Total: 2, Valid: 1, Valid Percent: 50.00%, Whitelist: 0, IPv4: 1, IPv6: 1, Min Delay: 13 ms, Max Speed: 8.54 M/s, Avg Speed: 8.54 M/s, Max Resolution: None
Category: 甘肃频道, Name: 临夏州综合, Total: 1, Valid: 1, Valid Percent: 100.00%, Whitelist: 0, IPv4: 1, IPv6: 0, Min Delay: 768 ms, Max Speed: 0.18 M/s, Avg Speed: 0.18 M/s, Max Resolution: None
Category: 甘肃频道, Name: 临夏市电视台, Total: 2, Valid: 2, Valid Percent: 100.00%, Whitelist: 0, IPv4: 2, IPv6: 0, Min Delay: 2229 ms, Max Speed: 0.47 M/s, Avg Speed: 0.47 M/s, Max Resolution: None
Category: 甘肃频道, Name: 嘉峪关综合, Total: 3, Valid: 2, Valid Percent: 66.67%, Whitelist: 1, IPv4: 2, IPv6: 0, Min Delay: 768 ms, Max Speed: 0.18 M/s, Avg Speed: 0.18 M/s, Max Resolution: None
Category: 甘肃频道, Name: 天水新闻综合, Total: 1, Valid: 0, Valid Percent: 0.00%, Whitelist: 1, IPv4: 0, IPv6: 0, Min Delay: -1 ms, Max Speed: 0.00 M/s, Avg Speed: 0.00 M/s, Max Resolution: None
Category: 甘肃频道, Name: 平凉新闻综合, Total: 1, Valid: 0, Valid Percent: 0.00%, Whitelist: 1, IPv4: 0, IPv6: 0, Min Delay: -1 ms, Max Speed: 0.00 M/s, Avg Speed: 0.00 M/s, Max Resolution: None
Category: 甘肃频道, Name: 张掖新闻综合, Total: 2, Valid: 1, Valid Percent: 50.00%, Whitelist: 1, IPv4: 1, IPv6: 0, Min Delay: 768 ms, Max Speed: 0.18 M/s, Avg Speed: 0.18 M/s, Max Resolution: None
Category: 甘肃频道, Name: 永昌综合, Total: 1, Valid: 1, Valid Percent: 100.00%, Whitelist: 0, IPv4: 1, IPv6: 0, Min Delay: 768 ms, Max Speed: 0.18 M/s, Avg Speed: 0.18 M/s, Max Resolution: None
Category: 甘肃频道, Name: 渭源新闻, Total: 1, Valid: 0, Valid Percent: 0.00%, Whitelist: 0, IPv4: 1, IPv6: 0, Min Delay: -1 ms, Max Speed: 0.00 M/s, Avg Speed: 0.00 M/s, Max Resolution: None
Category: 甘肃频道, Name: 甘南藏语, Total: 1, Valid: 1, Valid Percent: 100.00%, Whitelist: 0, IPv4: 1, IPv6: 0, Min Delay: 768 ms, Max Speed: 0.18 M/s, Avg Speed: 0.18 M/s, Max Resolution: None
Category: 甘肃频道, Name: 甘肃少儿, Total: 1, Valid: 0, Valid Percent: 0.00%, Whitelist: 0, IPv4: 0, IPv6: 1, Min Delay: -1 ms, Max Speed: 0.00 M/s, Avg Speed: 0.00 M/s, Max Resolution: None
Category: 甘肃频道, Name: 白银文化教育, Total: 1, Valid: 1, Valid Percent: 100.00%, Whitelist: 0, IPv4: 1, IPv6: 0, Min Delay: 768 ms, Max Speed: 0.18 M/s, Avg Speed: 0.18 M/s, Max Resolution: None
Category: 甘肃频道, Name: 白银综合, Total: 1, Valid: 1, Valid Percent: 100.00%, Whitelist: 0, IPv4: 1, IPv6: 0, Min Delay: 768 ms, Max Speed: 0.18 M/s, Avg Speed: 0.18 M/s, Max Resolution: None
Category: 甘肃频道, Name: 秦安综合, Total: 1, Valid: 1, Valid Percent: 100.00%, Whitelist: 0, IPv4: 1, IPv6: 0, Min Delay: 768 ms, Max Speed: 0.18 M/s, Avg Speed: 0.18 M/s, Max Resolution: None
Category: 甘肃频道, Name: 西峰综合, Total: 1, Valid: 1, Valid Percent: 100.00%, Whitelist: 0, IPv4: 1, IPv6: 0, Min Delay: 768 ms, Max Speed: 0.18 M/s, Avg Speed: 0.18 M/s, Max Resolution: None
Category: 甘肃频道, Name: 酒泉综合, Total: 1, Valid: 0, Valid Percent: 0.00%, Whitelist: 0, IPv4: 0, IPv6: 1, Min Delay: -1 ms, Max Speed: 0.00 M/s, Avg Speed: 0.00 M/s, Max Resolution: None
Category: 甘肃频道, Name: 金昌综合, Total: 1, Valid: 1, Valid Percent: 100.00%, Whitelist: 0, IPv4: 1, IPv6: 0, Min Delay: 768 ms, Max Speed: 0.18 M/s, Avg Speed: 0.18 M/s, Max Resolution: None
Category: 甘肃频道, Name: 靖远综合, Total: 1, Valid: 1, Valid Percent: 100.00%, Whitelist: 0, IPv4: 1, IPv6: 0, Min Delay: 768 ms, Max Speed: 0.18 M/s, Avg Speed: 0.18 M/s, Max Resolution: None
Category: 新疆频道, Name: 克拉玛依汉语综合, Total: 3, Valid: 2, Valid Percent: 66.67%, Whitelist: 1, IPv4: 2, IPv6: 0, Min Delay: 1996 ms, Max Speed: 0.30 M/s, Avg Speed: 0.30 M/s, Max Resolution: None
Category: 新疆频道, Name: 克拉玛依维语综合, Total: 2, Valid: 1, Valid Percent: 50.00%, Whitelist: 1, IPv4: 1, IPv6: 0, Min Delay: 1996 ms, Max Speed: 0.30 M/s, Avg Speed: 0.30 M/s, Max Resolution: None
Category: 新疆频道, Name: 哈密一套, Total: 3, Valid: 3, Valid Percent: 100.00%, Whitelist: 0, IPv4: 3, IPv6: 0, Min Delay: 604 ms, Max Speed: 0.17 M/s, Avg Speed: 0.17 M/s, Max Resolution: None
Category: 新疆频道, Name: 哈密二套, Total: 2, Valid: 2, Valid Percent: 100.00%, Whitelist: 0, IPv4: 2, IPv6: 0, Min Delay: 604 ms, Max Speed: 0.17 M/s, Avg Speed: 0.17 M/s, Max Resolution: None
Category: 新疆频道, Name: 哈密三套, Total: 2, Valid: 2, Valid Percent: 100.00%, Whitelist: 0, IPv4: 2, IPv6: 0, Min Delay: 604 ms, Max Speed: 0.17 M/s, Avg Speed: 0.17 M/s, Max Resolution: None
Category: 新疆频道, Name: 兵团五师双河新闻综合, Total: 5, Valid: 4, Valid Percent: 80.00%, Whitelist: 1, IPv4: 4, IPv6: 0, Min Delay: 1090 ms, Max Speed: 0.17 M/s, Avg Speed: 0.17 M/s, Max Resolution: None
Category: 新疆频道, Name: 兵团七师胡杨河新闻综合, Total: 1, Valid: 1, Valid Percent: 100.00%, Whitelist: 0, IPv4: 1, IPv6: 0, Min Delay: 1090 ms, Max Speed: 0.17 M/s, Avg Speed: 0.17 M/s, Max Resolution: None
Category: 新疆频道, Name: 奎屯哈萨克语, Total: 2, Valid: 2, Valid Percent: 100.00%, Whitelist: 0, IPv4: 2, IPv6: 0, Min Delay: 1602 ms, Max Speed: 0.08 M/s, Avg Speed: 0.08 M/s, Max Resolution: None
Category: 新疆频道, Name: 玛纳斯综合, Total: 3, Valid: 3, Valid Percent: 100.00%, Whitelist: 0, IPv4: 3, IPv6: 0, Min Delay: 3429 ms, Max Speed: 0.30 M/s, Avg Speed: 0.30 M/s, Max Resolution: None
Category: 新疆频道, Name: 新疆卫视, Total: 40, Valid: 11, Valid Percent: 27.50%, Whitelist: 8, IPv4: 11, IPv6: 21, Min Delay: 11 ms, Max Speed: 27.15 M/s, Avg Speed: 9.68 M/s, Max Resolution: None
Category: 新疆频道, Name: 奎屯汉语综合, Total: 3, Valid: 3, Valid Percent: 100.00%, Whitelist: 0, IPv4: 3, IPv6: 0, Min Delay: 1602 ms, Max Speed: 0.08 M/s, Avg Speed: 0.08 M/s, Max Resolution: None
Category: 新疆频道, Name: 巴音郭楞州, Total: 1, Valid: 1, Valid Percent: 100.00%, Whitelist: 0, IPv4: 1, IPv6: 0, Min Delay: 1602 ms, Max Speed: 0.08 M/s, Avg Speed: 0.08 M/s, Max Resolution: None
Category: 新疆频道, Name: 石河子教育, Total: 1, Valid: 1, Valid Percent: 100.00%, Whitelist: 0, IPv4: 1, IPv6: 0, Min Delay: 1602 ms, Max Speed: 0.08 M/s, Avg Speed: 0.08 M/s, Max Resolution: None
Category: 山东频道, Name: 山东少儿, Total: 11, Valid: 0, Valid Percent: 0.00%, Whitelist: 2, IPv4: 0, IPv6: 9, Min Delay: -1 ms, Max Speed: 0.00 M/s, Avg Speed: 0.00 M/s, Max Resolution: None
Category: 山东频道, Name: 山东新闻, Total: 10, Valid: 0, Valid Percent: 0.00%, Whitelist: 3, IPv4: 0, IPv6: 7, Min Delay: -1 ms, Max Speed: 0.00 M/s, Avg Speed: 0.00 M/s, Max Resolution: None
Category: 山东频道, Name: 山东教育, Total: 68, Valid: 2, Valid Percent: 2.94%, Whitelist: 0, IPv4: 2, IPv6: 66, Min Delay: 37 ms, Max Speed: 27.15 M/s, Avg Speed: 27.15 M/s, Max Resolution: None
Category: 山东频道, Name: 山东居家购物, Total: 1, Valid: 0, Valid Percent: 0.00%, Whitelist: 1, IPv4: 0, IPv6: 0, Min Delay: -1 ms, Max Speed: 0.00 M/s, Avg Speed: 0.00 M/s, Max Resolution: None
Category: 山东频道, Name: 山东农科, Total: 2, Valid: 0, Valid Percent: 0.00%, Whitelist: 2, IPv4: 0, IPv6: 0, Min Delay: -1 ms, Max Speed: 0.00 M/s, Avg Speed: 0.00 M/s, Max Resolution: None
Category: 山东频道, Name: 山东齐鲁, Total: 2, Valid: 0, Valid Percent: 0.00%, Whitelist: 2, IPv4: 0, IPv6: 0, Min Delay: -1 ms, Max Speed: 0.00 M/s, Avg Speed: 0.00 M/s, Max Resolution: None
Category: 山东频道, Name: 山东生活, Total: 3, Valid: 0, Valid Percent: 0.00%, Whitelist: 2, IPv4: 0, IPv6: 1, Min Delay: -1 ms, Max Speed: 0.00 M/s, Avg Speed: 0.00 M/s, Max Resolution: None
Category: 山东频道, Name: 山东体育, Total: 11, Valid: 0, Valid Percent: 0.00%, Whitelist: 0, IPv4: 0, IPv6: 11, Min Delay: -1 ms, Max Speed: 0.00 M/s, Avg Speed: 0.00 M/s, Max Resolution: None
Category: 山东频道, Name: 山东文旅, Total: 2, Valid: 0, Valid Percent: 0.00%, Whitelist: 2, IPv4: 0, IPv6: 0, Min Delay: -1 ms, Max Speed: 0.00 M/s, Avg Speed: 0.00 M/s, Max Resolution: None
Category: 山东频道, Name: 山东综艺, Total: 2, Valid: 0, Valid Percent: 0.00%, Whitelist: 2, IPv4: 0, IPv6: 0, Min Delay: -1 ms, Max Speed: 0.00 M/s, Avg Speed: 0.00 M/s, Max Resolution: None
Category: 山东频道, Name: 济南综合, Total: 2, Valid: 0, Valid Percent: 0.00%, Whitelist: 0, IPv4: 0, IPv6: 2, Min Delay: -1 ms, Max Speed: 0.00 M/s, Avg Speed: 0.00 M/s, Max Resolution: None
Category: 山东频道, Name: 济南新闻综合, Total: 2, Valid: 0, Valid Percent: 0.00%, Whitelist: 0, IPv4: 0, IPv6: 2, Min Delay: -1 ms, Max Speed: 0.00 M/s, Avg Speed: 0.00 M/s, Max Resolution: None
Category: 山东频道, Name: 济南都市, Total: 5, Valid: 0, Valid Percent: 0.00%, Whitelist: 5, IPv4: 0, IPv6: 0, Min Delay: -1 ms, Max Speed: 0.00 M/s, Avg Speed: 0.00 M/s, Max Resolution: None
Category: 山东频道, Name: 济南生活, Total: 4, Valid: 0, Valid Percent: 0.00%, Whitelist: 4, IPv4: 0, IPv6: 0, Min Delay: -1 ms, Max Speed: 0.00 M/s, Avg Speed: 0.00 M/s, Max Resolution: None
Category: 山东频道, Name: 济南少儿, Total: 5, Valid: 0, Valid Percent: 0.00%, Whitelist: 5, IPv4: 0, IPv6: 0, Min Delay: -1 ms, Max Speed: 0.00 M/s, Avg Speed: 0.00 M/s, Max Resolution: None
Category: 山东频道, Name: 济南教育, Total: 2, Valid: 0, Valid Percent: 0.00%, Whitelist: 1, IPv4: 0, IPv6: 1, Min Delay: -1 ms, Max Speed: 0.00 M/s, Avg Speed: 0.00 M/s, Max Resolution: None
Category: 山东频道, Name: 济南鲁中, Total: 5, Valid: 0, Valid Percent: 0.00%, Whitelist: 5, IPv4: 0, IPv6: 0, Min Delay: -1 ms, Max Speed: 0.00 M/s, Avg Speed: 0.00 M/s, Max Resolution: None
Category: 山东频道, Name: 东营综合, Total: 1, Valid: 0, Valid Percent: 0.00%, Whitelist: 0, IPv4: 1, IPv6: 0, Min Delay: -1 ms, Max Speed: 0.00 M/s, Avg Speed: 0.00 M/s, Max Resolution: None
Category: 山东频道, Name: 临沂公共, Total: 2, Valid: 0, Valid Percent: 0.00%, Whitelist: 0, IPv4: 0, IPv6: 2, Min Delay: -1 ms, Max Speed: 0.00 M/s, Avg Speed: 0.00 M/s, Max Resolution: None
Category: 山东频道, Name: 临沂农科, Total: 1, Valid: 0, Valid Percent: 0.00%, Whitelist: 0, IPv4: 0, IPv6: 1, Min Delay: -1 ms, Max Speed: 0.00 M/s, Avg Speed: 0.00 M/s, Max Resolution: None
Category: 山东频道, Name: 临沂新闻综合, Total: 1, Valid: 0, Valid Percent: 0.00%, Whitelist: 0, IPv4: 0, IPv6: 1, Min Delay: -1 ms, Max Speed: 0.00 M/s, Avg Speed: 0.00 M/s, Max Resolution: None
Category: 山东频道, Name: 日照新闻综合, Total: 1, Valid: 0, Valid Percent: 0.00%, Whitelist: 1, IPv4: 0, IPv6: 0, Min Delay: -1 ms, Max Speed: 0.00 M/s, Avg Speed: 0.00 M/s, Max Resolution: None
Category: 山东频道, Name: 枣庄新闻综合, Total: 1, Valid: 0, Valid Percent: 0.00%, Whitelist: 1, IPv4: 0, IPv6: 0, Min Delay: -1 ms, Max Speed: 0.00 M/s, Avg Speed: 0.00 M/s, Max Resolution: None
Category: 山东频道, Name: 潍坊新闻综合, Total: 6, Valid: 0, Valid Percent: 0.00%, Whitelist: 4, IPv4: 0, IPv6: 2, Min Delay: -1 ms, Max Speed: 0.00 M/s, Avg Speed: 0.00 M/s, Max Resolution: None
Category: 山东频道, Name: 潍坊滨海新闻综合, Total: 1, Valid: 0, Valid Percent: 0.00%, Whitelist: 1, IPv4: 0, IPv6: 0, Min Delay: -1 ms, Max Speed: 0.00 M/s, Avg Speed: 0.00 M/s, Max Resolution: None
Category: 山东频道, Name: 菏泽经济生活, Total: 1, Valid: 0, Valid Percent: 0.00%, Whitelist: 1, IPv4: 0, IPv6: 0, Min Delay: -1 ms, Max Speed: 0.00 M/s, Avg Speed: 0.00 M/s, Max Resolution: None
Category: 山西频道, Name: 万荣综合, Total: 2, Valid: 2, Valid Percent: 100.00%, Whitelist: 0, IPv4: 2, IPv6: 0, Min Delay: 2239 ms, Max Speed: 0.14 M/s, Avg Speed: 0.14 M/s, Max Resolution: None
Category: 山西频道, Name: 五台综合, Total: 2, Valid: 0, Valid Percent: 0.00%, Whitelist: 0, IPv4: 0, IPv6: 2, Min Delay: -1 ms, Max Speed: 0.00 M/s, Avg Speed: 0.00 M/s, Max Resolution: None
Category: 山西频道, Name: 古县综合, Total: 2, Valid: 0, Valid Percent: 0.00%, Whitelist: 1, IPv4: 0, IPv6: 1, Min Delay: -1 ms, Max Speed: 0.00 M/s, Avg Speed: 0.00 M/s, Max Resolution: None
Category: 山西频道, Name: 大宁综合, Total: 4, Valid: 3, Valid Percent: 75.00%, Whitelist: 1, IPv4: 3, IPv6: 0, Min Delay: 868 ms, Max Speed: 0.03 M/s, Avg Speed: 0.03 M/s, Max Resolution: None
Category: 山西频道, Name: 太谷新闻综合, Total: 3, Valid: 3, Valid Percent: 100.00%, Whitelist: 0, IPv4: 3, IPv6: 0, Min Delay: 1950 ms, Max Speed: 0.86 M/s, Avg Speed: 0.86 M/s, Max Resolution: None
Category: 山西频道, Name: 定襄综合, Total: 2, Valid: 0, Valid Percent: 0.00%, Whitelist: 1, IPv4: 0, IPv6: 1, Min Delay: -1 ms, Max Speed: 0.00 M/s, Avg Speed: 0.00 M/s, Max Resolution: None
Category: 山西频道, Name: 山西影视, Total: 4, Valid: 0, Valid Percent: 0.00%, Whitelist: 4, IPv4: 0, IPv6: 0, Min Delay: -1 ms, Max Speed: 0.00 M/s, Avg Speed: 0.00 M/s, Max Resolution: None
Category: 山西频道, Name: 山西文体生活, Total: 3, Valid: 0, Valid Percent: 0.00%, Whitelist: 3, IPv4: 0, IPv6: 0, Min Delay: -1 ms, Max Speed: 0.00 M/s, Avg Speed: 0.00 M/s, Max Resolution: None
Category: 山西频道, Name: 山西社会与法治, Total: 4, Valid: 0, Valid Percent: 0.00%, Whitelist: 4, IPv4: 0, IPv6: 0, Min Delay: -1 ms, Max Speed: 0.00 M/s, Avg Speed: 0.00 M/s, Max Resolution: None
Category: 山西频道, Name: 山西经济与科教, Total: 4, Valid: 0, Valid Percent: 0.00%, Whitelist: 4, IPv4: 0, IPv6: 0, Min Delay: -1 ms, Max Speed: 0.00 M/s, Avg Speed: 0.00 M/s, Max Resolution: None
Category: 山西频道, Name: 平遥新闻综合, Total: 2, Valid: 0, Valid Percent: 0.00%, Whitelist: 1, IPv4: 0, IPv6: 1, Min Delay: -1 ms, Max Speed: 0.00 M/s, Avg Speed: 0.00 M/s, Max Resolution: None
Category: 山西频道, Name: 怀仁综合, Total: 3, Valid: 0, Valid Percent: 0.00%, Whitelist: 0, IPv4: 0, IPv6: 3, Min Delay: -1 ms, Max Speed: 0.00 M/s, Avg Speed: 0.00 M/s, Max Resolution: None
Category: 山西频道, Name: 柳林综合, Total: 2, Valid: 2, Valid Percent: 100.00%, Whitelist: 0, IPv4: 2, IPv6: 0, Min Delay: 2246 ms, Max Speed: 0.49 M/s, Avg Speed: 0.49 M/s, Max Resolution: None
Category: 山西频道, Name: 武乡新闻综合, Total: 9, Valid: 2, Valid Percent: 22.22%, Whitelist: 1, IPv4: 2, IPv6: 6, Min Delay: 614 ms, Max Speed: 0.00 M/s, Avg Speed: 0.00 M/s, Max Resolution: None
Category: 山西频道, Name: 汾西综合, Total: 2, Valid: 0, Valid Percent: 0.00%, Whitelist: 1, IPv4: 0, IPv6: 1, Min Delay: -1 ms, Max Speed: 0.00 M/s, Avg Speed: 0.00 M/s, Max Resolution: None
Category: 山西频道, Name: 祁县新闻综合, Total: 1, Valid: 0, Valid Percent: 0.00%, Whitelist: 0, IPv4: 0, IPv6: 1, Min Delay: -1 ms, Max Speed: 0.00 M/s, Avg Speed: 0.00 M/s, Max Resolution: None
Category: 山西频道, Name: 襄垣电视, Total: 1, Valid: 0, Valid Percent: 0.00%, Whitelist: 1, IPv4: 0, IPv6: 0, Min Delay: -1 ms, Max Speed: 0.00 M/s, Avg Speed: 0.00 M/s, Max Resolution: None
Category: 山西频道, Name: 襄汾综合, Total: 2, Valid: 2, Valid Percent: 100.00%, Whitelist: 0, IPv4: 2, IPv6: 0, Min Delay: 2263 ms, Max Speed: 0.72 M/s, Avg Speed: 0.72 M/s, Max Resolution: None
Category: 山西频道, Name: 运城新闻综合, Total: 2, Valid: 0, Valid Percent: 0.00%, Whitelist: 2, IPv4: 0, IPv6: 0, Min Delay: -1 ms, Max Speed: 0.00 M/s, Avg Speed: 0.00 M/s, Max Resolution: None
Category: 山西频道, Name: 运城科技教育, Total: 2, Valid: 0, Valid Percent: 0.00%, Whitelist: 0, IPv4: 0, IPv6: 2, Min Delay: -1 ms, Max Speed: 0.00 M/s, Avg Speed: 0.00 M/s, Max Resolution: None
Category: 山西频道, Name: 长子综合, Total: 1, Valid: 0, Valid Percent: 0.00%, Whitelist: 0, IPv4: 0, IPv6: 1, Min Delay: -1 ms, Max Speed: 0.00 M/s, Avg Speed: 0.00 M/s, Max Resolution: None
Category: 山西频道, Name: 长治新闻综合, Total: 3, Valid: 0, Valid Percent: 0.00%, Whitelist: 3, IPv4: 0, IPv6: 0, Min Delay: -1 ms, Max Speed: 0.00 M/s, Avg Speed: 0.00 M/s, Max Resolution: None
Category: 山西频道, Name: 阳曲综合, Total: 2, Valid: 0, Valid Percent: 0.00%, Whitelist: 1, IPv4: 0, IPv6: 1, Min Delay: -1 ms, Max Speed: 0.00 M/s, Avg Speed: 0.00 M/s, Max Resolution: None
Category: 山西频道, Name: 黄河电视台, Total: 4, Valid: 0, Valid Percent: 0.00%, Whitelist: 4, IPv4: 0, IPv6: 0, Min Delay: -1 ms, Max Speed: 0.00 M/s, Avg Speed: 0.00 M/s, Max Resolution: None
Category: 山西频道, Name: 黎城综合, Total: 3, Valid: 3, Valid Percent: 100.00%, Whitelist: 0, IPv4: 3, IPv6: 0, Min Delay: 1979 ms, Max Speed: 1.32 M/s, Avg Speed: 1.32 M/s, Max Resolution: None
Category: 安徽频道, Name: 安徽国际, Total: 7, Valid: 1, Valid Percent: 14.29%, Whitelist: 4, IPv4: 1, IPv6: 2, Min Delay: 2126 ms, Max Speed: 1.17 M/s, Avg Speed: 1.17 M/s, Max Resolution: None
Category: 安徽频道, Name: 安徽影视, Total: 13, Valid: 3, Valid Percent: 23.08%, Whitelist: 5, IPv4: 3, IPv6: 5, Min Delay: 721 ms, Max Speed: 1.17 M/s, Avg Speed: 0.51 M/s, Max Resolution: None
Category: 安徽频道, Name: 安徽经济生活, Total: 6, Valid: 0, Valid Percent: 0.00%, Whitelist: 5, IPv4: 0, IPv6: 1, Min Delay: -1 ms, Max Speed: 0.00 M/s, Avg Speed: 0.00 M/s, Max Resolution: None
Category: 安徽频道, Name: 安徽综艺体育, Total: 11, Valid: 0, Valid Percent: 0.00%, Whitelist: 6, IPv4: 0, IPv6: 5, Min Delay: -1 ms, Max Speed: 0.00 M/s, Avg Speed: 0.00 M/s, Max Resolution: None
Category: 安徽频道, Name: 安徽导视, Total: 2, Valid: 0, Valid Percent: 0.00%, Whitelist: 1, IPv4: 0, IPv6: 1, Min Delay: -1 ms, Max Speed: 0.00 M/s, Avg Speed: 0.00 M/s, Max Resolution: None
Category: 安徽频道, Name: 合肥新闻, Total: 2, Valid: 1, Valid Percent: 50.00%, Whitelist: 1, IPv4: 1, IPv6: 0, Min Delay: 2126 ms, Max Speed: 1.17 M/s, Avg Speed: 1.17 M/s, Max Resolution: None
Category: 安徽频道, Name: 固镇新闻, Total: 2, Valid: 2, Valid Percent: 100.00%, Whitelist: 0, IPv4: 2, IPv6: 0, Min Delay: 5550 ms, Max Speed: 0.23 M/s, Avg Speed: 0.23 M/s, Max Resolution: None
Category: 安徽频道, Name: 黄山新闻综合, Total: 2, Valid: 0, Valid Percent: 0.00%, Whitelist: 2, IPv4: 0, IPv6: 0, Min Delay: -1 ms, Max Speed: 0.00 M/s, Avg Speed: 0.00 M/s, Max Resolution: None
Category: 安徽频道, Name: 黄山公共生活, Total: 2, Valid: 2, Valid Percent: 100.00%, Whitelist: 0, IPv4: 2, IPv6: 0, Min Delay: 10684 ms, Max Speed: 0.15 M/s, Avg Speed: 0.15 M/s, Max Resolution: None
Category: 安徽频道, Name: 铜陵新闻综合, Total: 3, Valid: 0, Valid Percent: 0.00%, Whitelist: 2, IPv4: 0, IPv6: 1, Min Delay: -1 ms, Max Speed: 0.00 M/s, Avg Speed: 0.00 M/s, Max Resolution: None
Category: 安徽频道, Name: 芜湖新闻综合, Total: 2, Valid: 0, Valid Percent: 0.00%, Whitelist: 2, IPv4: 0, IPv6: 0, Min Delay: -1 ms, Max Speed: 0.00 M/s, Avg Speed: 0.00 M/s, Max Resolution: None
Category: 安徽频道, Name: 肥东经济生活, Total: 1, Valid: 0, Valid Percent: 0.00%, Whitelist: 1, IPv4: 0, IPv6: 0, Min Delay: -1 ms, Max Speed: 0.00 M/s, Avg Speed: 0.00 M/s, Max Resolution: None
Category: 安徽频道, Name: 祁门综合, Total: 1, Valid: 0, Valid Percent: 0.00%, Whitelist: 0, IPv4: 0, IPv6: 1, Min Delay: -1 ms, Max Speed: 0.00 M/s, Avg Speed: 0.00 M/s, Max Resolution: None
Category: 安徽频道, Name: 滁州科教, Total: 3, Valid: 0, Valid Percent: 0.00%, Whitelist: 0, IPv4: 0, IPv6: 3, Min Delay: -1 ms, Max Speed: 0.00 M/s, Avg Speed: 0.00 M/s, Max Resolution: None
Category: 安徽频道, Name: 滁州新闻综合, Total: 4, Valid: 0, Valid Percent: 0.00%, Whitelist: 1, IPv4: 0, IPv6: 3, Min Delay: -1 ms, Max Speed: 0.00 M/s, Avg Speed: 0.00 M/s, Max Resolution: None
Category: 安徽频道, Name: 滁州市广播电视台 新闻综合, Total: 1, Valid: 0, Valid Percent: 0.00%, Whitelist: 0, IPv4: 0, IPv6: 1, Min Delay: -1 ms, Max Speed: 0.00 M/s, Avg Speed: 0.00 M/s, Max Resolution: None
Category: 安徽频道, Name: 滁州市广播电视台 公共, Total: 1, Valid: 0, Valid Percent: 0.00%, Whitelist: 0, IPv4: 0, IPv6: 1, Min Delay: -1 ms, Max Speed: 0.00 M/s, Avg Speed: 0.00 M/s, Max Resolution: None
Category: 安徽频道, Name: 滁州公共, Total: 2, Valid: 0, Valid Percent: 0.00%, Whitelist: 0, IPv4: 0, IPv6: 2, Min Delay: -1 ms, Max Speed: 0.00 M/s, Avg Speed: 0.00 M/s, Max Resolution: None
Category: 安徽频道, Name: 淮南新闻综合, Total: 3, Valid: 0, Valid Percent: 0.00%, Whitelist: 3, IPv4: 0, IPv6: 0, Min Delay: -1 ms, Max Speed: 0.00 M/s, Avg Speed: 0.00 M/s, Max Resolution: None
Category: 安徽频道, Name: 涡阳新闻综合, Total: 3, Valid: 2, Valid Percent: 66.67%, Whitelist: 1, IPv4: 2, IPv6: 0, Min Delay: 1760 ms, Max Speed: 0.26 M/s, Avg Speed: 0.26 M/s, Max Resolution: None
Category: 安徽频道, Name: 池州新闻综合, Total: 4, Valid: 0, Valid Percent: 0.00%, Whitelist: 4, IPv4: 0, IPv6: 0, Min Delay: -1 ms, Max Speed: 0.00 M/s, Avg Speed: 0.00 M/s, Max Resolution: None
Category: 安徽频道, Name: 宿松新闻综合, Total: 2, Valid: 0, Valid Percent: 0.00%, Whitelist: 1, IPv4: 1, IPv6: 0, Min Delay: -1 ms, Max Speed: 0.00 M/s, Avg Speed: 0.00 M/s, Max Resolution: None
Category: 安徽频道, Name: 宿州新闻综合, Total: 5, Valid: 0, Valid Percent: 0.00%, Whitelist: 2, IPv4: 0, IPv6: 3, Min Delay: -1 ms, Max Speed: 0.00 M/s, Avg Speed: 0.00 M/s, Max Resolution: None
Category: 安徽频道, Name: 宿州公共, Total: 2, Valid: 2, Valid Percent: 100.00%, Whitelist: 0, IPv4: 2, IPv6: 0, Min Delay: 1177 ms, Max Speed: 0.05 M/s, Avg Speed: 0.05 M/s, Max Resolution: None
Category: 安徽频道, Name: 南陵新闻综合, Total: 1, Valid: 0, Valid Percent: 0.00%, Whitelist: 1, IPv4: 0, IPv6: 0, Min Delay: -1 ms, Max Speed: 0.00 M/s, Avg Speed: 0.00 M/s, Max Resolution: None
Category: 安徽频道, Name: 六安新闻综合, Total: 3, Valid: 0, Valid Percent: 0.00%, Whitelist: 2, IPv4: 0, IPv6: 1, Min Delay: -1 ms, Max Speed: 0.00 M/s, Avg Speed: 0.00 M/s, Max Resolution: None
Category: 安徽频道, Name: 六安公共, Total: 1, Valid: 0, Valid Percent: 0.00%, Whitelist: 0, IPv4: 0, IPv6: 1, Min Delay: -1 ms, Max Speed: 0.00 M/s, Avg Speed: 0.00 M/s, Max Resolution: None
Category: 安徽频道, Name: 亳州新闻, Total: 1, Valid: 0, Valid Percent: 0.00%, Whitelist: 0, IPv4: 0, IPv6: 1, Min Delay: -1 ms, Max Speed: 0.00 M/s, Avg Speed: 0.00 M/s, Max Resolution: None
Category: 安徽频道, Name: 亳州农村, Total: 2, Valid: 0, Valid Percent: 0.00%, Whitelist: 0, IPv4: 0, IPv6: 2, Min Delay: -1 ms, Max Speed: 0.00 M/s, Avg Speed: 0.00 M/s, Max Resolution: None
Category: 宁夏频道, Name: 宁夏经济, Total: 3, Valid: 0, Valid Percent: 0.00%, Whitelist: 2, IPv4: 0, IPv6: 1, Min Delay: -1 ms, Max Speed: 0.00 M/s, Avg Speed: 0.00 M/s, Max Resolution: None
Category: 宁夏频道, Name: 银川生活, Total: 1, Valid: 0, Valid Percent: 0.00%, Whitelist: 1, IPv4: 0, IPv6: 0, Min Delay: -1 ms, Max Speed: 0.00 M/s, Avg Speed: 0.00 M/s, Max Resolution: None
Category: 宁夏频道, Name: 银川公共, Total: 1, Valid: 0, Valid Percent: 0.00%, Whitelist: 1, IPv4: 0, IPv6: 0, Min Delay: -1 ms, Max Speed: 0.00 M/s, Avg Speed: 0.00 M/s, Max Resolution: None
Category: 宁夏频道, Name: 银川文体, Total: 1, Valid: 0, Valid Percent: 0.00%, Whitelist: 1, IPv4: 0, IPv6: 0, Min Delay: -1 ms, Max Speed: 0.00 M/s, Avg Speed: 0.00 M/s, Max Resolution: None
Category: 宁夏频道, Name: 吴忠综合, Total: 3, Valid: 3, Valid Percent: 100.00%, Whitelist: 0, IPv4: 3, IPv6: 0, Min Delay: 1156 ms, Max Speed: 0.07 M/s, Avg Speed: 0.07 M/s, Max Resolution: None
Category: 宁夏频道, Name: 吴忠公共, Total: 2, Valid: 2, Valid Percent: 100.00%, Whitelist: 0, IPv4: 2, IPv6: 0, Min Delay: 1156 ms, Max Speed: 0.07 M/s, Avg Speed: 0.07 M/s, Max Resolution: None
Category: 宁夏频道, Name: 宁夏少儿, Total: 1, Valid: 0, Valid Percent: 0.00%, Whitelist: 1, IPv4: 0, IPv6: 0, Min Delay: -1 ms, Max Speed: 0.00 M/s, Avg Speed: 0.00 M/s, Max Resolution: None
Category: 吉林频道, Name: 延边卫视, Total: 12, Valid: 5, Valid Percent: 41.67%, Whitelist: 4, IPv4: 5, IPv6: 3, Min Delay: 11 ms, Max Speed: 11.29 M/s, Avg Speed: 6.65 M/s, Max Resolution: None
Category: 吉林频道, Name: 吉林都市, Total: 5, Valid: 1, Valid Percent: 20.00%, Whitelist: 4, IPv4: 1, IPv6: 0, Min Delay: 2126 ms, Max Speed: 1.17 M/s, Avg Speed: 1.17 M/s, Max Resolution: None
Category: 吉林频道, Name: 吉林生活, Total: 5, Valid: 1, Valid Percent: 20.00%, Whitelist: 4, IPv4: 1, IPv6: 0, Min Delay: 2126 ms, Max Speed: 1.17 M/s, Avg Speed: 1.17 M/s, Max Resolution: None
Category: 吉林频道, Name: 吉林乡村, Total: 6, Valid: 1, Valid Percent: 16.67%, Whitelist: 5, IPv4: 1, IPv6: 0, Min Delay: 13 ms, Max Speed: 8.54 M/s, Avg Speed: 8.54 M/s, Max Resolution: None
Category: 吉林频道, Name: 延边朝鲜语综合, Total: 1, Valid: 0, Valid Percent: 0.00%, Whitelist: 1, IPv4: 0, IPv6: 0, Min Delay: -1 ms, Max Speed: 0.00 M/s, Avg Speed: 0.00 M/s, Max Resolution: None
Category: 吉林频道, Name: 长白山电视台, Total: 2, Valid: 2, Valid Percent: 100.00%, Whitelist: 0, IPv4: 2, IPv6: 0, Min Delay: 818 ms, Max Speed: 0.10 M/s, Avg Speed: 0.10 M/s, Max Resolution: None
Category: 吉林频道, Name: 德惠综合, Total: 3, Valid: 2, Valid Percent: 66.67%, Whitelist: 1, IPv4: 2, IPv6: 0, Min Delay: 915 ms, Max Speed: 0.11 M/s, Avg Speed: 0.11 M/s, Max Resolution: None
Category: 吉林频道, Name: 九台综合, Total: 3, Valid: 2, Valid Percent: 66.67%, Whitelist: 1, IPv4: 2, IPv6: 0, Min Delay: 1318 ms, Max Speed: 0.31 M/s, Avg Speed: 0.31 M/s, Max Resolution: None
Category: 吉林频道, Name: 长白新闻综合, Total: 1, Valid: 0, Valid Percent: 0.00%, Whitelist: 0, IPv4: 0, IPv6: 1, Min Delay: -1 ms, Max Speed: 0.00 M/s, Avg Speed: 0.00 M/s, Max Resolution: None
Category: 吉林频道, Name: 长白朝语, Total: 1, Valid: 0, Valid Percent: 0.00%, Whitelist: 0, IPv4: 0, IPv6: 1, Min Delay: -1 ms, Max Speed: 0.00 M/s, Avg Speed: 0.00 M/s, Max Resolution: None
Category: 吉林频道, Name: 靖宇综合, Total: 3, Valid: 3, Valid Percent: 100.00%, Whitelist: 0, IPv4: 3, IPv6: 0, Min Delay: 818 ms, Max Speed: 0.10 M/s, Avg Speed: 0.10 M/s, Max Resolution: None
Category: 吉林频道, Name: 敦化一套, Total: 2, Valid: 2, Valid Percent: 100.00%, Whitelist: 0, IPv4: 2, IPv6: 0, Min Delay: 818 ms, Max Speed: 0.10 M/s, Avg Speed: 0.10 M/s, Max Resolution: None
Category: 吉林频道, Name: 珲春新闻综合, Total: 5, Valid: 2, Valid Percent: 40.00%, Whitelist: 2, IPv4: 2, IPv6: 1, Min Delay: 818 ms, Max Speed: 0.10 M/s, Avg Speed: 0.10 M/s, Max Resolution: None
Category: 吉林频道, Name: 龙井综合, Total: 5, Valid: 5, Valid Percent: 100.00%, Whitelist: 0, IPv4: 5, IPv6: 0, Min Delay: 581 ms, Max Speed: 0.10 M/s, Avg Speed: 0.09 M/s, Max Resolution: None
Category: 吉林频道, Name: 梅河口综合, Total: 2, Valid: 2, Valid Percent: 100.00%, Whitelist: 0, IPv4: 2, IPv6: 0, Min Delay: 614 ms, Max Speed: 0.06 M/s, Avg Speed: 0.06 M/s, Max Resolution: None
Category: 吉林频道, Name: 桦甸综合, Total: 4, Valid: 4, Valid Percent: 100.00%, Whitelist: 0, IPv4: 4, IPv6: 0, Min Delay: 581 ms, Max Speed: 0.31 M/s, Avg Speed: 0.25 M/s, Max Resolution: None
Category: 吉林频道, Name: 磐石综合, Total: 5, Valid: 5, Valid Percent: 100.00%, Whitelist: 0, IPv4: 5, IPv6: 0, Min Delay: 614 ms, Max Speed: 0.14 M/s, Avg Speed: 0.12 M/s, Max Resolution: None
Category: 吉林频道, Name: 舒兰新闻综合, Total: 3, Valid: 3, Valid Percent: 100.00%, Whitelist: 0, IPv4: 3, IPv6: 0, Min Delay: 818 ms, Max Speed: 0.10 M/s, Avg Speed: 0.10 M/s, Max Resolution: None
Category: 吉林频道, Name: 东丰综合, Total: 4, Valid: 3, Valid Percent: 75.00%, Whitelist: 1, IPv4: 3, IPv6: 0, Min Delay: 614 ms, Max Speed: 0.14 M/s, Avg Speed: 0.11 M/s, Max Resolution: None
Category: 吉林频道, Name: 双辽综合, Total: 4, Valid: 4, Valid Percent: 100.00%, Whitelist: 0, IPv4: 4, IPv6: 0, Min Delay: 614 ms, Max Speed: 0.14 M/s, Avg Speed: 0.12 M/s, Max Resolution: None
Category: 吉林频道, Name: 辉南新闻综合, Total: 3, Valid: 3, Valid Percent: 100.00%, Whitelist: 0, IPv4: 3, IPv6: 0, Min Delay: 836 ms, Max Speed: 0.14 M/s, Avg Speed: 0.14 M/s, Max Resolution: None
Category: 吉林频道, Name: 柳河综合, Total: 4, Valid: 4, Valid Percent: 100.00%, Whitelist: 0, IPv4: 4, IPv6: 0, Min Delay: 614 ms, Max Speed: 0.14 M/s, Avg Speed: 0.12 M/s, Max Resolution: None
Category: 吉林频道, Name: 通化县综合, Total: 3, Valid: 3, Valid Percent: 100.00%, Whitelist: 0, IPv4: 3, IPv6: 0, Min Delay: 614 ms, Max Speed: 0.14 M/s, Avg Speed: 0.11 M/s, Max Resolution: None
Category: 吉林频道, Name: 汪清综合, Total: 3, Valid: 3, Valid Percent: 100.00%, Whitelist: 0, IPv4: 3, IPv6: 0, Min Delay: 836 ms, Max Speed: 0.14 M/s, Avg Speed: 0.14 M/s, Max Resolution: None
Category: 内蒙古频道, Name: 内蒙经济, Total: 1, Valid: 0, Valid Percent: 0.00%, Whitelist: 0, IPv4: 0, IPv6: 1, Min Delay: -1 ms, Max Speed: 0.00 M/s, Avg Speed: 0.00 M/s, Max Resolution: None
Category: 内蒙古频道, Name: 内蒙古经济生活, Total: 3, Valid: 0, Valid Percent: 0.00%, Whitelist: 2, IPv4: 0, IPv6: 1, Min Delay: -1 ms, Max Speed: 0.00 M/s, Avg Speed: 0.00 M/s, Max Resolution: None
Category: 内蒙古频道, Name: 内蒙古文体娱乐, Total: 2, Valid: 0, Valid Percent: 0.00%, Whitelist: 2, IPv4: 0, IPv6: 0, Min Delay: -1 ms, Max Speed: 0.00 M/s, Avg Speed: 0.00 M/s, Max Resolution: None
Category: 云南频道, Name: 丘北电视台, Total: 2, Valid: 2, Valid Percent: 100.00%, Whitelist: 0, IPv4: 2, IPv6: 0, Min Delay: 1936 ms, Max Speed: 0.32 M/s, Avg Speed: 0.32 M/s, Max Resolution: None
Category: 云南频道, Name: 广南电视台, Total: 1, Valid: 1, Valid Percent: 100.00%, Whitelist: 0, IPv4: 1, IPv6: 0, Min Delay: 1936 ms, Max Speed: 0.32 M/s, Avg Speed: 0.32 M/s, Max Resolution: None
Category: 云南频道, Name: 文山州公共, Total: 2, Valid: 0, Valid Percent: 0.00%, Whitelist: 0, IPv4: 0, IPv6: 2, Min Delay: -1 ms, Max Speed: 0.00 M/s, Avg Speed: 0.00 M/s, Max Resolution: None
Category: 云南频道, Name: 文山州新闻综合, Total: 4, Valid: 0, Valid Percent: 0.00%, Whitelist: 2, IPv4: 0, IPv6: 2, Min Delay: -1 ms, Max Speed: 0.00 M/s, Avg Speed: 0.00 M/s, Max Resolution: None
Category: 云南频道, Name: 昆明新闻综合, Total: 1, Valid: 0, Valid Percent: 0.00%, Whitelist: 1, IPv4: 0, IPv6: 0, Min Delay: -1 ms, Max Speed: 0.00 M/s, Avg Speed: 0.00 M/s, Max Resolution: None
Category: 云南频道, Name: 昆明科学教育, Total: 1, Valid: 0, Valid Percent: 0.00%, Whitelist: 1, IPv4: 0, IPv6: 0, Min Delay: -1 ms, Max Speed: 0.00 M/s, Avg Speed: 0.00 M/s, Max Resolution: None
Category: 云南频道, Name: 昆明经济生活, Total: 1, Valid: 0, Valid Percent: 0.00%, Whitelist: 1, IPv4: 0, IPv6: 0, Min Delay: -1 ms, Max Speed: 0.00 M/s, Avg Speed: 0.00 M/s, Max Resolution: None
Category: 云南频道, Name: 易门综合, Total: 1, Valid: 1, Valid Percent: 100.00%, Whitelist: 0, IPv4: 1, IPv6: 0, Min Delay: 1936 ms, Max Speed: 0.32 M/s, Avg Speed: 0.32 M/s, Max Resolution: None
Category: 云南频道, Name: 梁河综合, Total: 1, Valid: 1, Valid Percent: 100.00%, Whitelist: 0, IPv4: 1, IPv6: 0, Min Delay: 1936 ms, Max Speed: 0.32 M/s, Avg Speed: 0.32 M/s, Max Resolution: None
Category: 云南频道, Name: 江川综合, Total: 1, Valid: 1, Valid Percent: 100.00%, Whitelist: 0, IPv4: 1, IPv6: 0, Min Delay: 1936 ms, Max Speed: 0.32 M/s, Avg Speed: 0.32 M/s, Max Resolution: None
Category: 云南频道, Name: 瑞丽综合, Total: 2, Valid: 0, Valid Percent: 0.00%, Whitelist: 2, IPv4: 0, IPv6: 0, Min Delay: -1 ms, Max Speed: 0.00 M/s, Avg Speed: 0.00 M/s, Max Resolution: None
Category: 云南频道, Name: 红河州新闻综合, Total: 2, Valid: 2, Valid Percent: 100.00%, Whitelist: 0, IPv4: 2, IPv6: 0, Min Delay: 2073 ms, Max Speed: 0.26 M/s, Avg Speed: 0.26 M/s, Max Resolution: None
Category: 云南频道, Name: 芒市综合, Total: 1, Valid: 1, Valid Percent: 100.00%, Whitelist: 0, IPv4: 1, IPv6: 0, Min Delay: 1936 ms, Max Speed: 0.32 M/s, Avg Speed: 0.32 M/s, Max Resolution: None
Category: 云南频道, Name: 通海电视台, Total: 1, Valid: 1, Valid Percent: 100.00%, Whitelist: 0, IPv4: 1, IPv6: 0, Min Delay: 1936 ms, Max Speed: 0.32 M/s, Avg Speed: 0.32 M/s, Max Resolution: None
Category: 云南频道, Name: 陇川综合, Total: 1, Valid: 1, Valid Percent: 100.00%, Whitelist: 0, IPv4: 1, IPv6: 0, Min Delay: 1936 ms, Max Speed: 0.32 M/s, Avg Speed: 0.32 M/s, Max Resolution: None
Category: 云南频道, Name: 麻栗坡电视台, Total: 3, Valid: 2, Valid Percent: 66.67%, Whitelist: 0, IPv4: 2, IPv6: 1, Min Delay: 540 ms, Max Speed: 0.07 M/s, Avg Speed: 0.07 M/s, Max Resolution: None
Category: 云南频道, Name: 云南都市, Total: 4, Valid: 2, Valid Percent: 50.00%, Whitelist: 2, IPv4: 2, IPv6: 0, Min Delay: 1779 ms, Max Speed: 0.38 M/s, Avg Speed: 0.38 M/s, Max Resolution: None
Category: 云南频道, Name: 云南娱乐, Total: 3, Valid: 1, Valid Percent: 33.33%, Whitelist: 2, IPv4: 1, IPv6: 0, Min Delay: 1779 ms, Max Speed: 0.38 M/s, Avg Speed: 0.38 M/s, Max Resolution: None
Category: 云南频道, Name: 云南少儿, Total: 3, Valid: 1, Valid Percent: 33.33%, Whitelist: 2, IPv4: 1, IPv6: 0, Min Delay: 1779 ms, Max Speed: 0.38 M/s, Avg Speed: 0.38 M/s, Max Resolution: None
Category: 云南频道, Name: 云南澜湄国际, Total: 1, Valid: 0, Valid Percent: 0.00%, Whitelist: 1, IPv4: 0, IPv6: 0, Min Delay: -1 ms, Max Speed: 0.00 M/s, Avg Speed: 0.00 M/s, Max Resolution: None
Category: 青海频道, Name: 安多卫视, Total: 9, Valid: 0, Valid Percent: 0.00%, Whitelist: 4, IPv4: 0, IPv6: 5, Min Delay: -1 ms, Max Speed: 0.00 M/s, Avg Speed: 0.00 M/s, Max Resolution: None
Category: 青海频道, Name: 西宁新闻综合, Total: 15, Valid: 2, Valid Percent: 13.33%, Whitelist: 1, IPv4: 2, IPv6: 12, Min Delay: 2018 ms, Max Speed: 0.87 M/s, Avg Speed: 0.87 M/s, Max Resolution: None
Category: 青海频道, Name: 西宁生活服务, Total: 10, Valid: 2, Valid Percent: 20.00%, Whitelist: 0, IPv4: 2, IPv6: 8, Min Delay: 2018 ms, Max Speed: 0.87 M/s, Avg Speed: 0.87 M/s, Max Resolution: None
Category: 青海频道, Name: 青海经视, Total: 1, Valid: 0, Valid Percent: 0.00%, Whitelist: 1, IPv4: 0, IPv6: 0, Min Delay: -1 ms, Max Speed: 0.00 M/s, Avg Speed: 0.00 M/s, Max Resolution: None
Category: 青海频道, Name: 青海都市, Total: 3, Valid: 0, Valid Percent: 0.00%, Whitelist: 1, IPv4: 0, IPv6: 2, Min Delay: -1 ms, Max Speed: 0.00 M/s, Avg Speed: 0.00 M/s, Max Resolution: None
Category: 黑龙江频道, Name: 黑龙江文体, Total: 8, Valid: 0, Valid Percent: 0.00%, Whitelist: 0, IPv4: 0, IPv6: 8, Min Delay: -1 ms, Max Speed: 0.00 M/s, Avg Speed: 0.00 M/s, Max Resolution: None
Category: 黑龙江频道, Name: 黑龙江新闻法治, Total: 8, Valid: 0, Valid Percent: 0.00%, Whitelist: 0, IPv4: 0, IPv6: 8, Min Delay: -1 ms, Max Speed: 0.00 M/s, Avg Speed: 0.00 M/s, Max Resolution: None
Category: 黑龙江频道, Name: 黑龙江影视, Total: 7, Valid: 0, Valid Percent: 0.00%, Whitelist: 0, IPv4: 0, IPv6: 7, Min Delay: -1 ms, Max Speed: 0.00 M/s, Avg Speed: 0.00 M/s, Max Resolution: None
Category: 黑龙江频道, Name: 黑龙江都市, Total: 9, Valid: 0, Valid Percent: 0.00%, Whitelist: 0, IPv4: 0, IPv6: 9, Min Delay: -1 ms, Max Speed: 0.00 M/s, Avg Speed: 0.00 M/s, Max Resolution: None
Category: 黑龙江频道, Name: 黑龙江少儿, Total: 6, Valid: 0, Valid Percent: 0.00%, Whitelist: 0, IPv4: 0, IPv6: 6, Min Delay: -1 ms, Max Speed: 0.00 M/s, Avg Speed: 0.00 M/s, Max Resolution: None
Category: 黑龙江频道, Name: 黑龙江新闻, Total: 3, Valid: 0, Valid Percent: 0.00%, Whitelist: 0, IPv4: 0, IPv6: 3, Min Delay: -1 ms, Max Speed: 0.00 M/s, Avg Speed: 0.00 M/s, Max Resolution: None
Category: 黑龙江频道, Name: 哈尔滨新闻综合, Total: 7, Valid: 0, Valid Percent: 0.00%, Whitelist: 5, IPv4: 0, IPv6: 2, Min Delay: -1 ms, Max Speed: 0.00 M/s, Avg Speed: 0.00 M/s, Max Resolution: None
Category: 黑龙江频道, Name: 哈尔滨影视, Total: 2, Valid: 0, Valid Percent: 0.00%, Whitelist: 2, IPv4: 0, IPv6: 0, Min Delay: -1 ms, Max Speed: 0.00 M/s, Avg Speed: 0.00 M/s, Max Resolution: None
Category: 黑龙江频道, Name: 哈尔滨资讯, Total: 4, Valid: 4, Valid Percent: 100.00%, Whitelist: 0, IPv4: 4, IPv6: 0, Min Delay: 1262 ms, Max Speed: 0.02 M/s, Avg Speed: 0.02 M/s, Max Resolution: None
Category: 黑龙江频道, Name: 哈尔滨生活, Total: 3, Valid: 2, Valid Percent: 66.67%, Whitelist: 1, IPv4: 2, IPv6: 0, Min Delay: 1262 ms, Max Speed: 0.02 M/s, Avg Speed: 0.02 M/s, Max Resolution: None
Category: 黑龙江频道, Name: 哈尔滨娱乐, Total: 4, Valid: 4, Valid Percent: 100.00%, Whitelist: 0, IPv4: 4, IPv6: 0, Min Delay: 1262 ms, Max Speed: 0.02 M/s, Avg Speed: 0.02 M/s, Max Resolution: None
Category: 黑龙江频道, Name: 大庆新闻综合, Total: 5, Valid: 0, Valid Percent: 0.00%, Whitelist: 4, IPv4: 0, IPv6: 1, Min Delay: -1 ms, Max Speed: 0.00 M/s, Avg Speed: 0.00 M/s, Max Resolution: None
Category: 黑龙江频道, Name: 鹤岗新闻综合, Total: 9, Valid: 0, Valid Percent: 0.00%, Whitelist: 5, IPv4: 0, IPv6: 4, Min Delay: -1 ms, Max Speed: 0.00 M/s, Avg Speed: 0.00 M/s, Max Resolution: None
Category: 黑龙江频道, Name: 七台河新闻综合, Total: 5, Valid: 2, Valid Percent: 40.00%, Whitelist: 3, IPv4: 2, IPv6: 0, Min Delay: 2113 ms, Max Speed: 0.43 M/s, Avg Speed: 0.43 M/s, Max Resolution: None
Category: 黑龙江频道, Name: 佳木斯新闻综合, Total: 4, Valid: 0, Valid Percent: 0.00%, Whitelist: 3, IPv4: 0, IPv6: 1, Min Delay: -1 ms, Max Speed: 0.00 M/s, Avg Speed: 0.00 M/s, Max Resolution: None
Category: 黑龙江频道, Name: 萝北综合, Total: 3, Valid: 0, Valid Percent: 0.00%, Whitelist: 3, IPv4: 0, IPv6: 0, Min Delay: -1 ms, Max Speed: 0.00 M/s, Avg Speed: 0.00 M/s, Max Resolution: None
Category: 黑龙江频道, Name: 甘南县综合, Total: 4, Valid: 1, Valid Percent: 25.00%, Whitelist: 3, IPv4: 1, IPv6: 0, Min Delay: 1342 ms, Max Speed: 0.02 M/s, Avg Speed: 0.02 M/s, Max Resolution: None
Category: 黑龙江频道, Name: 哈尔滨都市资讯, Total: 2, Valid: 2, Valid Percent: 100.00%, Whitelist: 0, IPv4: 2, IPv6: 0, Min Delay: 1262 ms, Max Speed: 0.02 M/s, Avg Speed: 0.02 M/s, Max Resolution: None
Category: 黑龙江频道, Name: 齐齐哈尔新闻综合, Total: 7, Valid: 0, Valid Percent: 0.00%, Whitelist: 4, IPv4: 0, IPv6: 3, Min Delay: -1 ms, Max Speed: 0.00 M/s, Avg Speed: 0.00 M/s, Max Resolution: None
Category: 黑龙江频道, Name: 双鸭山综合, Total: 3, Valid: 1, Valid Percent: 33.33%, Whitelist: 2, IPv4: 1, IPv6: 0, Min Delay: 2113 ms, Max Speed: 0.43 M/s, Avg Speed: 0.43 M/s, Max Resolution: None
Category: 黑龙江频道, Name: 七台河民生社教, Total: 1, Valid: 1, Valid Percent: 100.00%, Whitelist: 0, IPv4: 1, IPv6: 0, Min Delay: 2113 ms, Max Speed: 0.43 M/s, Avg Speed: 0.43 M/s, Max Resolution: None
Category: 港澳台, Name: 翡翠台, Total: 219, Valid: 4, Valid Percent: 1.83%, Whitelist: 0, IPv4: 4, IPv6: 215, Min Delay: 219 ms, Max Speed: 20.27 M/s, Avg Speed: 5.32 M/s, Max Resolution: None
Category: 港澳台, Name: 明珠台, Total: 111, Valid: 5, Valid Percent: 4.50%, Whitelist: 0, IPv4: 5, IPv6: 106, Min Delay: 177 ms, Max Speed: 2.41 M/s, Avg Speed: 1.34 M/s, Max Resolution: None
Category: 港澳台, Name: 凤凰中文, Total: 159, Valid: 8, Valid Percent: 5.03%, Whitelist: 0, IPv4: 8, IPv6: 151, Min Delay: 85 ms, Max Speed: 81.93 M/s, Avg Speed: 31.07 M/s, Max Resolution: None
Category: 港澳台, Name: 凤凰资讯, Total: 170, Valid: 14, Valid Percent: 8.24%, Whitelist: 0, IPv4: 14, IPv6: 156, Min Delay: 85 ms, Max Speed: 81.93 M/s, Avg Speed: 23.71 M/s, Max Resolution: None
Category: 港澳台, Name: 凤凰香港, Total: 147, Valid: 6, Valid Percent: 4.08%, Whitelist: 0, IPv4: 6, IPv6: 141, Min Delay: 85 ms, Max Speed: 81.93 M/s, Avg Speed: 41.92 M/s, Max Resolution: None
Category: 港澳台, Name: 凤凰卫视, Total: 4, Valid: 1, Valid Percent: 25.00%, Whitelist: 0, IPv4: 1, IPv6: 3, Min Delay: 177 ms, Max Speed: 2.41 M/s, Avg Speed: 2.41 M/s, Max Resolution: None
Category: 港澳台, Name: TVBS亚洲, Total: 4, Valid: 3, Valid Percent: 75.00%, Whitelist: 0, IPv4: 3, IPv6: 1, Min Delay: 2146 ms, Max Speed: 0.90 M/s, Avg Speed: 0.65 M/s, Max Resolution: None
Category: 港澳台, Name: 香港卫视, Total: 13, Valid: 1, Valid Percent: 7.69%, Whitelist: 0, IPv4: 1, IPv6: 12, Min Delay: 18 ms, Max Speed: 5.08 M/s, Avg Speed: 5.08 M/s, Max Resolution: None
Category: 港澳台, Name: 中天新闻, Total: 61, Valid: 3, Valid Percent: 4.92%, Whitelist: 0, IPv4: 3, IPv6: 58, Min Delay: 142 ms, Max Speed: 20.27 M/s, Avg Speed: 7.27 M/s, Max Resolution: None
Category: 港澳台, Name: 纬来体育, Total: 9, Valid: 2, Valid Percent: 22.22%, Whitelist: 0, IPv4: 2, IPv6: 7, Min Delay: 142 ms, Max Speed: 0.90 M/s, Avg Speed: 0.76 M/s, Max Resolution: None
Category: 港澳台, Name: 纬来育乐, Total: 21, Valid: 1, Valid Percent: 4.76%, Whitelist: 0, IPv4: 1, IPv6: 20, Min Delay: 2146 ms, Max Speed: 0.90 M/s, Avg Speed: 0.90 M/s, Max Resolution: None
Category: 港澳台, Name: J2, Total: 2, Valid: 0, Valid Percent: 0.00%, Whitelist: 0, IPv4: 0, IPv6: 2, Min Delay: -1 ms, Max Speed: 0.00 M/s, Avg Speed: 0.00 M/s, Max Resolution: None
Category: 港澳台, Name: Viutv, Total: 4, Valid: 2, Valid Percent: 50.00%, Whitelist: 0, IPv4: 2, IPv6: 2, Min Delay: 142 ms, Max Speed: 2.41 M/s, Avg Speed: 1.52 M/s, Max Resolution: None
Category: 港澳台, Name: 三立台湾, Total: 2, Valid: 1, Valid Percent: 50.00%, Whitelist: 0, IPv4: 1, IPv6: 1, Min Delay: 2146 ms, Max Speed: 0.90 M/s, Avg Speed: 0.90 M/s, Max Resolution: None
Category: 港澳台, Name: 三立新闻, Total: 10, Valid: 1, Valid Percent: 10.00%, Whitelist: 0, IPv4: 1, IPv6: 9, Min Delay: 2146 ms, Max Speed: 0.90 M/s, Avg Speed: 0.90 M/s, Max Resolution: None
Category: 港澳台, Name: 东森综合, Total: 2, Valid: 1, Valid Percent: 50.00%, Whitelist: 0, IPv4: 1, IPv6: 1, Min Delay: 2146 ms, Max Speed: 0.90 M/s, Avg Speed: 0.90 M/s, Max Resolution: None
Category: 港澳台, Name: 东森超视, Total: 14, Valid: 3, Valid Percent: 21.43%, Whitelist: 0, IPv4: 3, IPv6: 11, Min Delay: 2146 ms, Max Speed: 0.90 M/s, Avg Speed: 0.65 M/s, Max Resolution: None
Category: 港澳台, Name: 东森电影, Total: 5, Valid: 1, Valid Percent: 20.00%, Whitelist: 0, IPv4: 1, IPv6: 4, Min Delay: 2146 ms, Max Speed: 0.90 M/s, Avg Speed: 0.90 M/s, Max Resolution: None
Category: 港澳台, Name: Now剧集, Total: 1, Valid: 1, Valid Percent: 100.00%, Whitelist: 0, IPv4: 1, IPv6: 0, Min Delay: 85 ms, Max Speed: 81.93 M/s, Avg Speed: 81.93 M/s, Max Resolution: None
Category: 港澳台, Name: Now华剧, Total: 2, Valid: 2, Valid Percent: 100.00%, Whitelist: 0, IPv4: 2, IPv6: 0, Min Delay: 85 ms, Max Speed: 81.93 M/s, Avg Speed: 40.99 M/s, Max Resolution: None
Category: 港澳台, Name: 靖天资讯, Total: 25, Valid: 3, Valid Percent: 12.00%, Whitelist: 0, IPv4: 3, IPv6: 22, Min Delay: 142 ms, Max Speed: 0.90 M/s, Avg Speed: 0.81 M/s, Max Resolution: None
Category: 电影频道, Name: CHC家庭影院, Total: 44, Valid: 4, Valid Percent: 9.09%, Whitelist: 3, IPv4: 4, IPv6: 37, Min Delay: 37 ms, Max Speed: 27.15 M/s, Avg Speed: 17.09 M/s, Max Resolution: None
Category: 电影频道, Name: CHC动作电影, Total: 36, Valid: 4, Valid Percent: 11.11%, Whitelist: 3, IPv4: 4, IPv6: 29, Min Delay: 37 ms, Max Speed: 27.15 M/s, Avg Speed: 17.09 M/s, Max Resolution: None
Category: 电影频道, Name: 淘剧场, Total: 3, Valid: 0, Valid Percent: 0.00%, Whitelist: 0, IPv4: 0, IPv6: 3, Min Delay: -1 ms, Max Speed: 0.00 M/s, Avg Speed: 0.00 M/s, Max Resolution: None
Category: 电影频道, Name: 淘娱乐, Total: 3, Valid: 0, Valid Percent: 0.00%, Whitelist: 0, IPv4: 0, IPv6: 3, Min Delay: -1 ms, Max Speed: 0.00 M/s, Avg Speed: 0.00 M/s, Max Resolution: None
Category: 电影频道, Name: 淘电影, Total: 8, Valid: 0, Valid Percent: 0.00%, Whitelist: 0, IPv4: 0, IPv6: 8, Min Delay: -1 ms, Max Speed: 0.00 M/s, Avg Speed: 0.00 M/s, Max Resolution: None
Category: 电影频道, Name: NewTV惊悚悬疑, Total: 10, Valid: 0, Valid Percent: 0.00%, Whitelist: 0, IPv4: 0, IPv6: 10, Min Delay: -1 ms, Max Speed: 0.00 M/s, Avg Speed: 0.00 M/s, Max Resolution: None
Category: 电影频道, Name: NewTV动作电影, Total: 4, Valid: 0, Valid Percent: 0.00%, Whitelist: 0, IPv4: 0, IPv6: 4, Min Delay: -1 ms, Max Speed: 0.00 M/s, Avg Speed: 0.00 M/s, Max Resolution: None
Category: 电影频道, Name: 纬来电影, Total: 27, Valid: 2, Valid Percent: 7.41%, Whitelist: 0, IPv4: 2, IPv6: 25, Min Delay: 2146 ms, Max Speed: 0.90 M/s, Avg Speed: 0.48 M/s, Max Resolution: None
Category: 电影频道, Name: 靖天映画, Total: 9, Valid: 3, Valid Percent: 33.33%, Whitelist: 0, IPv4: 3, IPv6: 6, Min Delay: 142 ms, Max Speed: 0.90 M/s, Avg Speed: 0.81 M/s, Max Resolution: None
Category: 电影频道, Name: 靖天戏剧, Total: 24, Valid: 3, Valid Percent: 12.50%, Whitelist: 0, IPv4: 3, IPv6: 21, Min Delay: 142 ms, Max Speed: 0.90 M/s, Avg Speed: 0.81 M/s, Max Resolution: None
Category: 电影频道, Name: 经典电影, Total: 8, Valid: 1, Valid Percent: 12.50%, Whitelist: 0, IPv4: 1, IPv6: 7, Min Delay: 142 ms, Max Speed: 0.62 M/s, Avg Speed: 0.62 M/s, Max Resolution: None
Category: 电影频道, Name: 天映经典, Total: 41, Valid: 11, Valid Percent: 26.83%, Whitelist: 0, IPv4: 11, IPv6: 30, Min Delay: 40 ms, Max Speed: 81.93 M/s, Avg Speed: 9.70 M/s, Max Resolution: None
Category: 电影频道, Name: 无线星河, Total: 7, Valid: 0, Valid Percent: 0.00%, Whitelist: 0, IPv4: 0, IPv6: 7, Min Delay: -1 ms, Max Speed: 0.00 M/s, Avg Speed: 0.00 M/s, Max Resolution: None
Category: 电影频道, Name: 星空卫视, Total: 7, Valid: 1, Valid Percent: 14.29%, Whitelist: 0, IPv4: 1, IPv6: 6, Min Delay: 2146 ms, Max Speed: 0.90 M/s, Avg Speed: 0.90 M/s, Max Resolution: None
Category: 电影频道, Name: 东森电影, Total: 5, Valid: 1, Valid Percent: 20.00%, Whitelist: 0, IPv4: 1, IPv6: 4, Min Delay: 2146 ms, Max Speed: 0.90 M/s, Avg Speed: 0.90 M/s, Max Resolution: None
Category: 电影频道, Name: 龙祥电影, Total: 2, Valid: 0, Valid Percent: 0.00%, Whitelist: 0, IPv4: 0, IPv6: 2, Min Delay: -1 ms, Max Speed: 0.00 M/s, Avg Speed: 0.00 M/s, Max Resolution: None
Category: 电影频道, Name: 东森洋片, Total: 22, Valid: 2, Valid Percent: 9.09%, Whitelist: 0, IPv4: 2, IPv6: 20, Min Delay: 142 ms, Max Speed: 0.90 M/s, Avg Speed: 0.76 M/s, Max Resolution: None
Category: 电影频道, Name: 东森超视, Total: 14, Valid: 3, Valid Percent: 21.43%, Whitelist: 0, IPv4: 3, IPv6: 11, Min Delay: 2146 ms, Max Speed: 0.90 M/s, Avg Speed: 0.65 M/s, Max Resolution: None
Category: 体育频道, Name: CCTV-5, Total: 213, Valid: 32, Valid Percent: 15.02%, Whitelist: 17, IPv4: 32, IPv6: 164, Min Delay: 37 ms, Max Speed: 27.15 M/s, Avg Speed: 22.97 M/s, Max Resolution: None
Category: 体育频道, Name: CCTV-5+, Total: 41, Valid: 7, Valid Percent: 17.07%, Whitelist: 15, IPv4: 7, IPv6: 19, Min Delay: 37 ms, Max Speed: 27.15 M/s, Avg Speed: 20.42 M/s, Max Resolution: None
Category: 体育频道, Name: 广东体育, Total: 162, Valid: 4, Valid Percent: 2.47%, Whitelist: 4, IPv4: 4, IPv6: 154, Min Delay: 156 ms, Max Speed: 20.27 M/s, Avg Speed: 8.73 M/s, Max Resolution: None
Category: 体育频道, Name: 纬来体育, Total: 9, Valid: 2, Valid Percent: 22.22%, Whitelist: 0, IPv4: 2, IPv6: 7, Min Delay: 142 ms, Max Speed: 0.90 M/s, Avg Speed: 0.76 M/s, Max Resolution: None
Category: 体育频道, Name: 五星体育, Total: 80, Valid: 1, Valid Percent: 1.25%, Whitelist: 0, IPv4: 1, IPv6: 79, Min Delay: 156 ms, Max Speed: 12.69 M/s, Avg Speed: 12.69 M/s, Max Resolution: None
Category: 体育频道, Name: 劲爆体育, Total: 11, Valid: 1, Valid Percent: 9.09%, Whitelist: 4, IPv4: 1, IPv6: 6, Min Delay: 2146 ms, Max Speed: 0.90 M/s, Avg Speed: 0.90 M/s, Max Resolution: None
Category: 体育频道, Name: 爱体育, Total: 5, Valid: 0, Valid Percent: 0.00%, Whitelist: 0, IPv4: 0, IPv6: 5, Min Delay: -1 ms, Max Speed: 0.00 M/s, Avg Speed: 0.00 M/s, Max Resolution: None
Category: 体育频道, Name: 广州竞赛, Total: 19, Valid: 1, Valid Percent: 5.26%, Whitelist: 0, IPv4: 1, IPv6: 18, Min Delay: 2081 ms, Max Speed: 1.19 M/s, Avg Speed: 1.19 M/s, Max Resolution: None
Category: 体育频道, Name: 福建体育, Total: 3, Valid: 0, Valid Percent: 0.00%, Whitelist: 3, IPv4: 0, IPv6: 0, Min Delay: -1 ms, Max Speed: 0.00 M/s, Avg Speed: 0.00 M/s, Max Resolution: None
Category: 体育频道, Name: 辽宁体育, Total: 3, Valid: 0, Valid Percent: 0.00%, Whitelist: 3, IPv4: 0, IPv6: 0, Min Delay: -1 ms, Max Speed: 0.00 M/s, Avg Speed: 0.00 M/s, Max Resolution: None
Category: 体育频道, Name: 山东体育, Total: 11, Valid: 0, Valid Percent: 0.00%, Whitelist: 0, IPv4: 0, IPv6: 11, Min Delay: -1 ms, Max Speed: 0.00 M/s, Avg Speed: 0.00 M/s, Max Resolution: None
Category: 体育频道, Name: 天津体育, Total: 3, Valid: 1, Valid Percent: 33.33%, Whitelist: 2, IPv4: 1, IPv6: 0, Min Delay: 156 ms, Max Speed: 12.69 M/s, Avg Speed: 12.69 M/s, Max Resolution: None
Category: 体育频道, Name: 江苏体育, Total: 29, Valid: 0, Valid Percent: 0.00%, Whitelist: 0, IPv4: 0, IPv6: 29, Min Delay: -1 ms, Max Speed: 0.00 M/s, Avg Speed: 0.00 M/s, Max Resolution: None
Category: 体育频道, Name: 安徽综艺体育, Total: 11, Valid: 0, Valid Percent: 0.00%, Whitelist: 6, IPv4: 0, IPv6: 5, Min Delay: -1 ms, Max Speed: 0.00 M/s, Avg Speed: 0.00 M/s, Max Resolution: None
Category: 体育频道, Name: 睛彩篮球, Total: 3, Valid: 0, Valid Percent: 0.00%, Whitelist: 0, IPv4: 0, IPv6: 3, Min Delay: -1 ms, Max Speed: 0.00 M/s, Avg Speed: 0.00 M/s, Max Resolution: None
Category: 体育频道, Name: 睛彩广场舞, Total: 8, Valid: 0, Valid Percent: 0.00%, Whitelist: 0, IPv4: 0, IPv6: 8, Min Delay: -1 ms, Max Speed: 0.00 M/s, Avg Speed: 0.00 M/s, Max Resolution: None
Category: 体育频道, Name: 风云足球, Total: 10, Valid: 2, Valid Percent: 20.00%, Whitelist: 3, IPv4: 2, IPv6: 5, Min Delay: 156 ms, Max Speed: 12.69 M/s, Avg Speed: 6.80 M/s, Max Resolution: None
Category: 体育频道, Name: 足球频道, Total: 1, Valid: 0, Valid Percent: 0.00%, Whitelist: 0, IPv4: 0, IPv6: 1, Min Delay: -1 ms, Max Speed: 0.00 M/s, Avg Speed: 0.00 M/s, Max Resolution: None
Category: 体育频道, Name: 魅力足球, Total: 10, Valid: 0, Valid Percent: 0.00%, Whitelist: 0, IPv4: 0, IPv6: 10, Min Delay: -1 ms, Max Speed: 0.00 M/s, Avg Speed: 0.00 M/s, Max Resolution: None
Category: 体育频道, Name: 天元围棋, Total: 3, Valid: 0, Valid Percent: 0.00%, Whitelist: 2, IPv4: 0, IPv6: 1, Min Delay: -1 ms, Max Speed: 0.00 M/s, Avg Speed: 0.00 M/s, Max Resolution: None
Category: 体育频道, Name: 快乐垂钓, Total: 58, Valid: 4, Valid Percent: 6.90%, Whitelist: 6, IPv4: 4, IPv6: 48, Min Delay: 37 ms, Max Speed: 27.15 M/s, Avg Speed: 13.72 M/s, Max Resolution: None
Category: 体育频道, Name: JJ斗地主, Total: 1, Valid: 0, Valid Percent: 0.00%, Whitelist: 0, IPv4: 0, IPv6: 1, Min Delay: -1 ms, Max Speed: 0.00 M/s, Avg Speed: 0.00 M/s, Max Resolution: None
Category: 动画频道, Name: 少儿动画, Total: 11, Valid: 2, Valid Percent: 18.18%, Whitelist: 0, IPv4: 11, IPv6: 0, Min Delay: 10347 ms, Max Speed: 0.03 M/s, Avg Speed: 0.03 M/s, Max Resolution: None
Category: 动画频道, Name: 卡酷动画, Total: 73, Valid: 0, Valid Percent: 0.00%, Whitelist: 4, IPv4: 0, IPv6: 69, Min Delay: -1 ms, Max Speed: 0.00 M/s, Avg Speed: 0.00 M/s, Max Resolution: None
Category: 动画频道, Name: 动漫秀场, Total: 12, Valid: 1, Valid Percent: 8.33%, Whitelist: 0, IPv4: 1, IPv6: 11, Min Delay: 2146 ms, Max Speed: 0.90 M/s, Avg Speed: 0.90 M/s, Max Resolution: None
Category: 动画频道, Name: 新动漫, Total: 55, Valid: 3, Valid Percent: 5.45%, Whitelist: 2, IPv4: 3, IPv6: 50, Min Delay: 37 ms, Max Speed: 27.15 M/s, Avg Speed: 18.28 M/s, Max Resolution: None
Category: 动画频道, Name: 爱动漫, Total: 4, Valid: 0, Valid Percent: 0.00%, Whitelist: 0, IPv4: 0, IPv6: 4, Min Delay: -1 ms, Max Speed: 0.00 M/s, Avg Speed: 0.00 M/s, Max Resolution: None
Category: 动画频道, Name: CN卡通, Total: 2, Valid: 0, Valid Percent: 0.00%, Whitelist: 0, IPv4: 0, IPv6: 2, Min Delay: -1 ms, Max Speed: 0.00 M/s, Avg Speed: 0.00 M/s, Max Resolution: None
Category: 动画频道, Name: 优漫卡通, Total: 18, Valid: 0, Valid Percent: 0.00%, Whitelist: 11, IPv4: 0, IPv6: 7, Min Delay: -1 ms, Max Speed: 0.00 M/s, Avg Speed: 0.00 M/s, Max Resolution: None
Category: 动画频道, Name: 金鹰卡通, Total: 14, Valid: 2, Valid Percent: 14.29%, Whitelist: 0, IPv4: 2, IPv6: 12, Min Delay: 960 ms, Max Speed: 0.90 M/s, Avg Speed: 0.72 M/s, Max Resolution: None
Category: 动画频道, Name: 炫动卡通, Total: 67, Valid: 0, Valid Percent: 0.00%, Whitelist: 0, IPv4: 0, IPv6: 67, Min Delay: -1 ms, Max Speed: 0.00 M/s, Avg Speed: 0.00 M/s, Max Resolution: None
Category: 动画频道, Name: 24H国漫热播, Total: 2, Valid: 2, Valid Percent: 100.00%, Whitelist: 0, IPv4: 2, IPv6: 0, Min Delay: 44 ms, Max Speed: 10.42 M/s, Avg Speed: 10.42 M/s, Max Resolution: None
Category: 动画频道, Name: 浙江少儿, Total: 15, Valid: 5, Valid Percent: 33.33%, Whitelist: 3, IPv4: 5, IPv6: 7, Min Delay: 408 ms, Max Speed: 1.05 M/s, Avg Speed: 0.63 M/s, Max Resolution: None
Category: 动画频道, Name: 河北少儿科教, Total: 12, Valid: 1, Valid Percent: 8.33%, Whitelist: 1, IPv4: 1, IPv6: 10, Min Delay: 420 ms, Max Speed: 0.02 M/s, Avg Speed: 0.02 M/s, Max Resolution: None
Category: 动画频道, Name: 七龙珠, Total: 3, Valid: 0, Valid Percent: 0.00%, Whitelist: 0, IPv4: 0, IPv6: 3, Min Delay: -1 ms, Max Speed: 0.00 M/s, Avg Speed: 0.00 M/s, Max Resolution: None
Category: 动画频道, Name: 火影忍者, Total: 2, Valid: 1, Valid Percent: 50.00%, Whitelist: 0, IPv4: 1, IPv6: 1, Min Delay: 20 ms, Max Speed: 31.37 M/s, Avg Speed: 31.37 M/s, Max Resolution: None
Category: 动画频道, Name: 海绵宝宝, Total: 3, Valid: 1, Valid Percent: 33.33%, Whitelist: 1, IPv4: 1, IPv6: 1, Min Delay: 20 ms, Max Speed: 31.37 M/s, Avg Speed: 31.37 M/s, Max Resolution: None
Category: 动画频道, Name: 中华小当家, Total: 5, Valid: 1, Valid Percent: 20.00%, Whitelist: 0, IPv4: 1, IPv6: 4, Min Delay: 20 ms, Max Speed: 31.37 M/s, Avg Speed: 31.37 M/s, Max Resolution: None
Category: 动画频道, Name: 猫和老鼠, Total: 6, Valid: 1, Valid Percent: 16.67%, Whitelist: 0, IPv4: 1, IPv6: 5, Min Delay: 20 ms, Max Speed: 31.37 M/s, Avg Speed: 31.37 M/s, Max Resolution: None
Category: 动画频道, Name: 经典动漫, Total: 1, Valid: 1, Valid Percent: 100.00%, Whitelist: 0, IPv4: 1, IPv6: 0, Min Delay: 44 ms, Max Speed: 10.42 M/s, Avg Speed: 10.42 M/s, Max Resolution: None
Category: 动画频道, Name: 蜡笔小新, Total: 1, Valid: 1, Valid Percent: 100.00%, Whitelist: 0, IPv4: 1, IPv6: 0, Min Delay: 20 ms, Max Speed: 31.37 M/s, Avg Speed: 31.37 M/s, Max Resolution: None
Category: 动画频道, Name: 漫画解说, Total: 3, Valid: 1, Valid Percent: 33.33%, Whitelist: 0, IPv4: 1, IPv6: 2, Min Delay: 44 ms, Max Speed: 10.42 M/s, Avg Speed: 10.42 M/s, Max Resolution: None
Category: 游戏频道, Name: 游戏风云, Total: 14, Valid: 1, Valid Percent: 7.14%, Whitelist: 3, IPv4: 1, IPv6: 10, Min Delay: 960 ms, Max Speed: 0.53 M/s, Avg Speed: 0.53 M/s, Max Resolution: None
Category: 游戏频道, Name: 爱电竞, Total: 1, Valid: 0, Valid Percent: 0.00%, Whitelist: 0, IPv4: 0, IPv6: 1, Min Delay: -1 ms, Max Speed: 0.00 M/s, Avg Speed: 0.00 M/s, Max Resolution: None
Category: 音乐频道, Name: CCTV-15, Total: 122, Valid: 16, Valid Percent: 13.11%, Whitelist: 16, IPv4: 16, IPv6: 90, Min Delay: 37 ms, Max Speed: 27.15 M/s, Avg Speed: 17.60 M/s, Max Resolution: None
Category: 音乐频道, Name: 风云音乐, Total: 7, Valid: 2, Valid Percent: 28.57%, Whitelist: 2, IPv4: 2, IPv6: 3, Min Delay: 156 ms, Max Speed: 12.69 M/s, Avg Speed: 6.46 M/s, Max Resolution: None
Category: 音乐频道, Name: 音乐现场, Total: 2, Valid: 2, Valid Percent: 100.00%, Whitelist: 0, IPv4: 2, IPv6: 0, Min Delay: 11 ms, Max Speed: 8.54 M/s, Avg Speed: 8.41 M/s, Max Resolution: None
Category: 音乐频道, Name: 潮流音乐, Total: 2, Valid: 2, Valid Percent: 100.00%, Whitelist: 0, IPv4: 2, IPv6: 0, Min Delay: 651 ms, Max Speed: 0.26 M/s, Avg Speed: 0.26 M/s, Max Resolution: None
Category: 音乐频道, Name: 音乐广播, Total: 62, Valid: 0, Valid Percent: 0.00%, Whitelist: 0, IPv4: 0, IPv6: 62, Min Delay: -1 ms, Max Speed: 0.00 M/s, Avg Speed: 0.00 M/s, Max Resolution: None
Category: 经典剧场, Name: 笑傲江湖, Total: 10, Valid: 2, Valid Percent: 20.00%, Whitelist: 0, IPv4: 2, IPv6: 8, Min Delay: 20 ms, Max Speed: 31.37 M/s, Avg Speed: 20.90 M/s, Max Resolution: None
Category: 经典剧场, Name: 天龙八部, Total: 8, Valid: 2, Valid Percent: 25.00%, Whitelist: 0, IPv4: 2, IPv6: 6, Min Delay: 20 ms, Max Speed: 31.37 M/s, Avg Speed: 20.90 M/s, Max Resolution: None
Category: 经典剧场, Name: 鹿鼎记, Total: 3, Valid: 2, Valid Percent: 66.67%, Whitelist: 0, IPv4: 2, IPv6: 1, Min Delay: 20 ms, Max Speed: 31.37 M/s, Avg Speed: 20.90 M/s, Max Resolution: None
Category: 经典剧场, Name: 仙剑奇侠传, Total: 3, Valid: 2, Valid Percent: 66.67%, Whitelist: 0, IPv4: 2, IPv6: 1, Min Delay: 20 ms, Max Speed: 31.37 M/s, Avg Speed: 20.90 M/s, Max Resolution: None
Category: 经典剧场, Name: 西游记, Total: 8, Valid: 3, Valid Percent: 37.50%, Whitelist: 0, IPv4: 3, IPv6: 5, Min Delay: 20 ms, Max Speed: 31.37 M/s, Avg Speed: 24.30 M/s, Max Resolution: None
Category: 经典剧场, Name: 三国演义, Total: 6, Valid: 1, Valid Percent: 16.67%, Whitelist: 1, IPv4: 1, IPv6: 4, Min Delay: 44 ms, Max Speed: 10.42 M/s, Avg Speed: 10.42 M/s, Max Resolution: None
Category: 经典剧场, Name: 水浒传, Total: 2, Valid: 1, Valid Percent: 50.00%, Whitelist: 0, IPv4: 1, IPv6: 1, Min Delay: 44 ms, Max Speed: 10.42 M/s, Avg Speed: 10.42 M/s, Max Resolution: None
Category: 经典剧场, Name: 新白娘子传奇, Total: 5, Valid: 2, Valid Percent: 40.00%, Whitelist: 0, IPv4: 2, IPv6: 3, Min Delay: 20 ms, Max Speed: 31.37 M/s, Avg Speed: 20.90 M/s, Max Resolution: None
Category: 经典剧场, Name: 济公游记, Total: 2, Valid: 2, Valid Percent: 100.00%, Whitelist: 0, IPv4: 2, IPv6: 0, Min Delay: 20 ms, Max Speed: 31.37 M/s, Avg Speed: 20.90 M/s, Max Resolution: None
Category: 经典剧场, Name: 封神榜, Total: 5, Valid: 1, Valid Percent: 20.00%, Whitelist: 0, IPv4: 1, IPv6: 4, Min Delay: 44 ms, Max Speed: 10.42 M/s, Avg Speed: 10.42 M/s, Max Resolution: None
Category: 经典剧场, Name: 上海滩, Total: 1, Valid: 1, Valid Percent: 100.00%, Whitelist: 0, IPv4: 1, IPv6: 0, Min Delay: 44 ms, Max Speed: 10.42 M/s, Avg Speed: 10.42 M/s, Max Resolution: None
Category: 经典剧场, Name: 射雕英雄传, Total: 3, Valid: 0, Valid Percent: 0.00%, Whitelist: 0, IPv4: 0, IPv6: 3, Min Delay: -1 ms, Max Speed: 0.00 M/s, Avg Speed: 0.00 M/s, Max Resolution: None
